year,t_bg_N_c_u5,t_bg_N_fam_c_u5,county,adj_supply_any,adj_supply_ccc,adj_supply_hr,adj_supply_public,totcost_any,totcost_ccc,totcost_hr,totcost_public,quality_premium,N_county,rank_adj_supply_any,rank_adj_supply_ccc,rank_adj_supply_hr,rank_adj_supply_public,rank_totcost_any,rank_totcost_ccc,rank_totcost_hr,rank_totcost_public,rank_quality_premium
2012,647,581,Aitkin,.56205237,.11210514,,.050999977,116.05154,302.28513,,137.25526,,87,46,34,,43,61,65,,76,
2013,647,581,Aitkin,.71944702,.1146253,.02240237,.067319967,118.64977,155.7787,162.53612,35.137897,1.2736937,87,29,35,28,36,59,31,24,73,19
2014,647,581,Aitkin,.97387409,.28936771,.19714478,.13811174,115.86817,167.09505,173.39569,17.642954,1.3654681,87,5,6,3,19,57,37,37,65,32
2015,647,581,Aitkin,.68118143,.0036498054,.02240237,.16047749,105.23385,187.41913,148.36508,15.500192,1.1715387,87,33,74,51,13,44,54,29,59,20
2016,647,581,Aitkin,.60229743,.0036002314,.07083784,.16047749,106.30224,195.35806,153.89406,48.515102,1.165459,87,40,73,34,15,32,35,25,80,24
2017,647,581,Aitkin,.51076168,.0036002314,.086837478,.16047749,101.03747,398.47488,158.34077,49.125931,1.1581894,87,55,73,36,19,33,72,30,66,32
2012,20921,16279,Anoka,.53164959,.22092582,,.011892154,179.71942,231.85849,,22.614832,,87,50,11,,72,81,41,,15,
2013,20921,16279,Anoka,.53398275,.23700322,.097207561,.012623692,185.12231,235.83438,262.18979,17.898964,1.51293,87,60,8,8,72,81,78,69,37,37
2014,20921,16279,Anoka,.55403668,.25310594,.11635535,.034025114,186.88736,244.85503,250.56847,10.178216,1.3773251,87,58,12,8,76,81,79,73,17,35
2015,20921,16279,Anoka,.51862252,.24931757,.12234302,.028343286,193.76826,250.22649,251.90099,10.159186,1.3590509,87,65,8,8,83,81,77,78,20,42
2016,20921,16279,Anoka,.49618739,.24248429,.1379052,.033575282,198.91052,257.77936,256.69891,9.7948036,1.3456738,87,64,10,12,81,81,65,69,16,47
2017,20921,16279,Anoka,.50070536,.25125629,.1529417,.049911372,193.84897,260.40433,255.8322,9.9609709,1.3434887,87,58,11,16,76,81,46,72,14,52
2012,2630,2129,Becker,.60416424,.015841754,,.11605844,107.08465,346.47665,,36.426556,,87,41,73,,14,43,68,,23,
2013,2630,2129,Becker,.64036125,.023335047,.075674817,.11605725,110.44774,189.5098,141.58444,20.716515,1.1345842,87,39,73,12,16,45,59,14,52,12
2014,2630,2129,Becker,.68713516,.04140301,.10925473,.17040221,104.16108,188.51761,144.58102,17.682562,1.1414044,87,38,66,11,11,42,56,18,66,14
2015,2630,2129,Becker,.67100346,.070445463,.088227257,.15859917,107.11186,198.14806,154.39323,18.19488,1.2147795,87,34,55,15,14,48,62,33,72,25
2016,2630,2129,Becker,.5972293,.057008378,.11667535,.13129139,110.85967,199.02945,148.94498,31.172316,1.0363114,87,41,60,18,29,41,40,18,67,5
2017,2630,2129,Becker,.58941388,.067961842,.17518479,.14591774,106.99417,422.51248,153.43526,64.438995,1.1462771,87,40,58,10,24,42,74,29,75,26
2012,3547,2230,Beltrami,.6230216,.06424699,,.21000685,92.820969,240.04733,,78.102524,,87,36,57,,6,12,44,,60,
2013,3547,2230,Beltrami,.63834822,.07567212,0,.20764814,100.83675,171.173,249.91817,29.439751,1.9976624,87,40,53,70.5,6,22,52,62,69,62
2014,3547,2230,Beltrami,.61563766,.12844019,.042230301,.12098314,98.331818,193.54745,200.65683,17.098516,1.619625,87,47,38,35,28,29,60,46,64,55
2015,3547,2230,Beltrami,.55329394,.068428077,.0032984321,.14490744,93.387688,178.21933,158.56265,16.589237,1.2729149,87,53,58,57,17,21,48,38,65,34
2016,3547,2230,Beltrami,.51961637,.045095861,.016501984,.14294441,90.400139,168.60765,146.36603,24.292927,1.1111965,87,56,65,67,24,11,13,16,57,15
2017,3547,2230,Beltrami,.51907462,.049938131,.026119111,.16155052,90.113396,332.47626,241.63289,29.962656,1.5741096,87,51,62,67,18,17,64,69,51,67
2012,3652,3135,Benton,.61543185,.11675816,,.0090310639,129.86037,206.66479,,40.703285,,87,38,29,,77,73,26,,30,
2013,3652,3135,Benton,.66435719,.12538692,.024547659,.015632132,132.04605,197.30544,239.76779,18.910778,1.82947,87,35,30,25,67,71,63,59,43,57
2014,3652,3135,Benton,.70265412,.14158411,.030293329,.041234754,129.43433,200.7744,228.713,13.033881,1.7235198,87,37,33,42,71,73,62,64,41,61
2015,3652,3135,Benton,.64282387,.13517666,.053770822,.040792417,128.07301,199.38863,199.56435,13.006777,1.5264118,87,41,31,28,73,71,64,60,42,64
2016,3652,3135,Benton,.65968817,.18066531,.064136177,.032050341,142.78761,204.7753,192.21242,16.540901,1.3323442,87,33,16,36,82,74,46,51,39,44
2017,3652,3135,Benton,.61748356,.18046476,.085431509,.028891254,143.85805,216.37959,206.12177,22.198845,1.4543948,87,34,24,37,82,76,25,61,39,61
2012,467,393,Big Stone,.53005815,1.1496626e-14,,.095200956,87.521477,377.48422,,61.905067,,87,52,79,,24,6,71,,47,
2013,467,393,Big Stone,.5949595,1.1496626e-14,1.1496626e-14,.08471553,90.035278,132.5761,127.50494,15.97442,1.1584533,87,48,79,49,28,6,14,7,28,14
2014,467,393,Big Stone,.59716755,1.1496626e-14,1.1496626e-14,.08471553,94.595291,133.25279,129.33662,15.086942,1.1924576,87,49,79,62,47,20,10,11,54,18
2015,467,393,Big Stone,.62073928,1.1516730e-14,1.1516730e-14,.091798276,89.510849,134.48741,134.48741,15.251574,1.2547116,87,44,77,66,43,12,11,14,57,30
2016,467,393,Big Stone,.59535062,1.1496626e-14,0,.13373996,94.831825,371.15015,560.24097,28.864689,1.5767316,87,42,76,83.5,26,15,79,83,63,61
2017,467,393,Big Stone,.55795246,1.1496626e-14,,.091798276,90.836128,396.11548,,75.482147,,87,49,76,,52,19,71,,77,
2012,3985,3033,Blue Earth,.88991404,.23320705,,.16920142,110.87747,151.15738,,32.897255,,87,6,6,,8,56,3,,20,
2013,3985,3033,Blue Earth,.89995027,.234593,.007219906,.16724709,117.26051,160.45355,131.36295,13.755829,.99402654,87,8,9,38,9,58,39,10,13,2
2014,3985,3033,Blue Earth,.89979202,.27231994,.037691001,.18082389,116.81481,169.84148,164.72809,10.687814,1.2171892,87,12,8,38,10,60,40,31,21,21
2015,3985,3033,Blue Earth,.8857525,.28196073,.033053316,.18390708,116.62149,165.42123,132.05508,9.8043766,.96894282,87,6,6,43,10,60,33,11,17,5
2016,3985,3033,Blue Earth,.8268699,.28282183,.024112798,.19964756,124.81315,187.31461,162.20784,10.435064,1.0699739,87,8,4,59,7,56,26,32,21,8
2017,3985,3033,Blue Earth,.87009436,.36021969,.056973156,.20196886,120.88521,175.73747,166.36761,11.566237,1.1507652,87,5,3,54,8,61,4,36,21,28
2012,1576,1222,Brown,.93788058,.1391149,,.083518274,99.844902,173.88779,,99.977043,,87,3,24,,30,32,9,,67,
2013,1576,1222,Brown,.90580875,.14717846,.014228407,.0079877106,111.45506,149.24594,155.65598,28.708391,1.4073442,87,7,25,34,76,46,22,20,67,31
2014,1576,1222,Brown,.94651777,.14717846,.043918196,.10163707,103.36901,142.46637,127.98373,7.8094215,1.1191471,87,10,31,33,42,40,16,10,4,11
2015,1576,1222,Brown,.92029977,.1450571,.036503751,.17870906,96.421188,142.63454,130.25266,7.6177526,1.1425401,87,4,30,39,12,26,16,10,3,15
2016,1576,1222,Brown,.88767636,.15858126,.07473968,.13779414,111.66706,160.41922,131.21072,10.48495,1.090359,87,4,25,33,25,43,9,7,22,10
2017,1576,1222,Brown,.94350916,.18592201,.094003767,.20125952,97.738274,169.50375,123.24014,9.7099638,1.0237057,87,3,21,31,9,28,3,10,12,13
2012,1833,1346,Carlton,.50132895,.10747224,,.10509999,110.84766,212.34883,,87.431061,,87,59,37,,18,55,29,,61,
2013,1833,1346,Carlton,.58165753,.13754836,.038447242,.11845055,114.46964,148.49701,158.60742,26.479704,1.2430314,87,50,27,18,15,54,20,22,63,18
2014,1833,1346,Carlton,.6644454,.173126,.1158739,.20004371,98.865112,129.47829,116.81297,12.495418,.90066808,87,43,20,9,7,30,6,4,37,2
2015,1833,1346,Carlton,.62491339,.18027472,.1331718,.18894665,100.45779,139.59865,125.83649,12.765197,.97300249,87,43,16,7,8,34,13,8,40,6
2016,1833,1346,Carlton,.56805193,.23828153,.27306819,.070496142,126.91384,152.81517,159.17436,14.698458,1.1801817,87,45,11,2,55,58,7,29,35,26
2017,1833,1346,Carlton,.60699266,.26258829,.2723771,.11985051,119.25127,203.17616,175.44171,19.310688,1.2432671,87,35,9,1,34,60,17,45,33,41
2012,6403,4796,Carver,.48343372,.23082836,,.0030655414,194.98212,245.62079,,25.901443,,87,65,8,,81,84,47,,18,
2013,6403,4796,Carver,.50009531,.25156206,.09499339,.0030418378,203.07722,256.62949,262.00607,20.569286,1.363125,87,65,5,9,80,85,81,68,49,26
2014,6403,4796,Carver,.55001152,.30540365,.097588584,.020636145,195.9814,244.53317,268.25269,10.199839,1.4073225,87,59,4,15,82,83,78,75,18,38
2015,6403,4796,Carver,.55150956,.32738537,.1379158,.020937305,202.52658,247.82153,270.17773,9.8316584,1.3994526,87,54,2,4,85,83,76,79,18,49
2016,6403,4796,Carver,.53480226,.33670124,.15213379,.020929519,214.59308,260.9873,269.02686,9.8674984,1.3004247,87,53,2,9,86,85,66,72,18,39
2017,6403,4796,Carver,.58965176,.40838966,.17853065,.020822603,213.3945,253.0835,252.70065,9.9440346,1.2245109,87,39,2,7,86,85,43,71,13,38
2012,3547,2230,Cass,.48294595,.036755566,,.20965435,96.86924,344.23752,,71.136475,,87,66,64,,7,22,67,,54,
2013,3547,2230,Cass,.50816506,.03839108,.0059109968,.19833159,103.74567,161.37502,202.46707,29.02718,1.6090386,87,62,65,40,7,27,41,41,68,45
2014,3547,2230,Cass,.7832045,.2686685,.25029165,.1461364,104.56258,219.01851,217.38251,23.435719,1.6973522,87,23,10,1,14,44,70,57,79,59
2015,3547,2230,Cass,.5003221,.046028387,.034863263,.1529121,100.7977,191.98085,174.60175,23.358286,1.335749,87,67,64,40,16,35,58,50,79,40
2016,3547,2230,Cass,.44878897,.026003823,.091631055,.17201717,100.18203,184.40897,154.57832,47.878124,1.1110984,87,74,70,26,12,22,24,26,79,14
2017,3547,2230,Cass,.44786403,.03605013,.096558906,.19349372,90.527702,384.2016,218.30077,53.572803,1.3262905,87,74,68,29,11,18,69,66,69,50
2012,746,589,Chippewa,.66497433,.084474474,,.086914606,88.211578,182.23247,,19.018106,,87,32,48,,28,7,11,,11,
2013,746,589,Chippewa,.65041602,.084474474,.014090008,.085184999,87.612968,90.83448,105.41986,13.615007,1.0109102,87,37,49,35,27,4,1,1,11,3
2014,746,589,Chippewa,.7271589,.084474474,.049023673,.12834348,88.254951,113.20399,119.85265,13.122483,1.0964768,87,33,54,30,25,11,3,7,42,8
2015,746,589,Chippewa,.65006435,.10715707,.05762431,.05394569,103.23401,115.77747,108.01589,15.875443,.96449137,87,40,39,27,64,39,3,2,63,4
2016,746,589,Chippewa,.63787484,.084474474,.046636324,.099626169,95.288254,100.20993,127.95827,16.51895,1.1177113,87,36,49,49,43,16,3,4,38,16
2017,746,589,Chippewa,.60527003,.10715997,.027169449,.11035623,94.577721,192.75439,126.02464,33.988823,1.1228774,87,36,46,66,38,24,10,12,54,22
2012,3387,2386,Chisago,.4313547,.13059123,,4.4653584e-06,146.63786,222.71114,,75.049446,,87,75,25,,83,78,35,,57,
2013,3387,2386,Chisago,.45984524,.13735007,.050103821,4.4653584e-06,149.0827,205.00398,216.55124,42.717438,1.5420842,87,74,28,14,82,78,70,50,75,40
2014,3387,2386,Chisago,.50680029,.14128321,.050913256,.040611856,141.63832,205.37033,211.97052,11.874584,1.4449806,87,73,34,27,73,76,65,54,33,46
2015,3387,2386,Chisago,.45435637,.12816641,.048649181,.040640589,143.06735,216.91078,228.53639,11.877884,1.5462575,87,79,32,33,74,76,69,73,35,67
2016,3387,2386,Chisago,.40682802,.12712599,.040248405,.040703394,147.63229,224.49347,225.18018,13.942252,1.4262525,87,83,34,53,74,76,55,63,32,53
2017,3387,2386,Chisago,.46979252,.13717051,.054045551,.10520382,130.82782,236.06297,169.63815,14.608056,1.1199007,87,65,35,55,42,70,37,40,28,21
2012,4059,3343,Clay,.61677438,.16109948,,.033571586,124.32535,216.31322,,47.958736,,87,37,19,,57,68,32,,37,
2013,4059,3343,Clay,.65328503,.16109948,.016283436,.057525262,124.23691,174.7791,137.22563,14.603787,1.0333545,87,36,20,32,39,63,53,11,18,5
2014,4059,3343,Clay,.63097459,.17133528,.03128963,.042954784,127.3046,177.14571,152.31737,13.172125,1.1357354,87,46,22,41,70,71,49,22,43,12
2015,4059,3343,Clay,.59448671,.1712126,.029555585,.0369922,133.58862,188.03027,174.5545,13.388988,1.2594668,87,46,21,45,77,74,55,49,46,31
2016,4059,3343,Clay,.5566287,.15870541,.0583754,.039286569,138.87421,198.50983,173.0434,13.161944,1.1951511,87,47,24,41,75,71,37,41,27,27
2017,4059,3343,Clay,.57605726,.18252681,.095417038,.048844848,135.72377,251.37762,173.14908,24.537846,1.1919451,87,44,22,30,77,72,42,44,43,35
2012,558,365,Clearwater,.36526975,0,,.11533539,86.549927,558.05267,,57.250031,,87,81,83.5,,15,5,81,,43,
2013,558,365,Clearwater,.3773348,0,.010550781,.11533539,86.747688,193.92703,185.2674,19.71352,1.6406089,87,83,83.5,36,17,3,61,32,48,47
2014,558,365,Clearwater,.5278874,0,.055134721,.15395166,93.20565,199.22034,166.47655,18.006128,1.4316857,87,68,83.5,23,12,16,61,35,69,41
2015,558,365,Clearwater,.56475788,0,.049869973,.15780053,92.20295,199.23514,149.91397,17.890369,1.2878525,87,49,82.5,31,15,16,63,31,69,35
2016,558,365,Clearwater,.46350077,0,.091395915,.09770377,108.32331,201.36807,130.28513,65.461357,.95119208,87,71,82,27,45,34,42,6,82,2
2017,558,365,Clearwater,.4567683,0,.045079544,.10758699,99.316254,610.11609,338.2674,83.721191,2.8294082,87,72,82,58,40,32,82,80,81,81
2012,244,180,Cook,.62993127,.11505498,,.14165734,107.52191,657.12384,,61.088238,,87,35,31,,12,45,82,,45,
2013,244,180,Cook,.62227398,.11505498,0,0,144.79413,158.34021,415.97528,229.18796,3.0284319,87,43,34,70.5,87,75,34,86,87,82
2014,244,180,Cook,.98188901,.11505498,0,.14314832,123.84949,213.04135,385.30908,32.538261,2.6629653,87,4,41,76.5,16,69,69,87,82,86
2015,244,180,Cook,1.0479441,.11663926,0,.14314832,113.71439,152.82483,377.41461,32.538261,3.0140698,87,2,36,79.5,19,56,23,87,85,87
2016,244,180,Cook,.8748315,.069032989,.2227166,.14314832,110.4827,399.57339,246.49269,101.4134,2.5259748,87,5,57,3,22,39,81,66,86,77
2017,244,180,Cook,.70928741,.069032989,.20666559,.14314832,124.28538,589.48248,305.3284,227.04298,2.4960399,87,16,57,2,25,64,81,78,87,78
2012,1053,893,Cottonwood,.49373886,.03421938,,.048270032,95.321907,237.14827,,54.087692,,87,60,66,,47,18,43,,42,
2013,1053,893,Cottonwood,.50692821,.03421938,0,.048270032,100.27444,123.27447,259.86664,14.103905,2.378695,87,64,67,70.5,45,20,8,66,15,78
2014,1053,893,Cottonwood,.54348737,.03421938,0,.092007428,95.810356,117.51856,148.7191,11.347468,1.3585767,87,62,69,76.5,44,24,4,21,28,30
2015,1053,893,Cottonwood,.56463033,.045248568,0,.092007428,92.784966,114.13471,133.29901,11.588778,1.2478197,87,50,65,79.5,42,19,2,13,33,28
2016,1053,893,Cottonwood,.51606774,.03421938,.043135695,.080241762,81.714432,247.96457,214.99702,17.336636,4.5427446,87,58,68,50,50,6,62,58,41,82
2017,1053,893,Cottonwood,.49861041,.045248568,.089198537,.1193721,83.030014,181.29147,126.39581,43.047745,1.1551753,87,59,65,32,35,8,5,13,63,31
2012,4073,2943,Crow Wing,.50758684,.12413579,,.047012147,121.08829,200.56537,,45.739227,,87,57,26,,49,63,25,,34,
2013,4073,2943,Crow Wing,.56547266,.14845891,9.6027210e-15,.043191481,125.76528,152.42046,181.12347,19.255661,1.3697355,87,54,24,51,48,64,23,30,45,28
2014,4073,2943,Crow Wing,.59629446,.17995712,.0082443878,.070199765,123.56911,160.39635,156.91492,15.768521,1.1664453,87,50,18,50,57,68,30,24,61,15
2015,4073,2943,Crow Wing,.56396157,.17795108,.044258222,.07182344,125.34267,167.7657,156.49561,15.754431,1.1561023,87,51,17,35,54,67,37,36,61,18
2016,4073,2943,Crow Wing,.48171291,.16152732,.048342746,.057320826,130.44902,161.80943,150.17511,34.113621,1.0980104,87,67,21,47,64,66,11,20,70,13
2017,4073,2943,Crow Wing,.50508064,.19916497,.11015451,.065782502,126.77359,222.9586,206.17529,37.633877,1.5032295,87,56,18,22,65,69,32,62,59,65
2012,26474,20503,Dakota,.58447027,.27166882,,.0074837701,201.18448,252.81328,,16.425701,,87,43,3,,78,86,50,,6,
2013,26474,20503,Dakota,.57864624,.28499642,.11863822,.0066786939,208.02568,257.78079,279.89264,13.687115,1.4599397,87,51,2,3,79,86,82,73,12,35
2014,26474,20503,Dakota,.58748788,.29372433,.1331377,.020489821,207.77759,262.8194,277.50967,8.4182472,1.4344357,87,52,5,6,83,86,84,81,8,42
2015,26474,20503,Dakota,.55622625,.28909084,.13695398,.019375905,214.05338,267.89474,281.75534,8.1702604,1.4119818,87,52,5,5,86,86,82,83,8,53
2016,26474,20503,Dakota,.57078898,.3175838,.14063166,.033814326,221.06488,276.92398,285.82922,8.0885735,1.3449348,87,44,3,11,80,86,71,76,7,46
2017,26474,20503,Dakota,.58605933,.32962894,.15996161,.054082811,214.00789,271.24774,279.53986,7.9889922,1.3166119,87,41,5,13,74,86,53,76,5,48
2012,1549,1049,Dodge,.69939882,.097266644,,.040645365,122.71103,226.48686,,32.740894,,87,25,43,,54,66,37,,19,
2013,1549,1049,Dodge,.76128387,.097266644,.00020216216,.040645365,123.97514,202.82664,182.80174,16.142454,1.4449574,87,24,44,42,50,62,68,31,30,34
2014,1549,1049,Dodge,.76701546,.097266644,.0002996212,.071616113,121.65401,202.65332,184.08188,11.663922,1.4367172,87,26,50,54,55,66,64,40,30,44
2015,1549,1049,Dodge,.74646246,.10347938,.00029962166,.062287316,126.67679,200.78574,189.92998,15.225819,1.4555217,87,25,41,59,58,70,66,59,56,58
2016,1549,1049,Dodge,.67474771,.10909022,.00042288392,.054857537,133.30499,171.23775,169.69157,28.258066,1.2098835,87,30,40,71,66,67,14,39,62,29
2017,1549,1049,Dodge,.62481517,.073893435,.0005815184,.07483916,126.29469,242.6577,177.28635,18.202223,1.2477821,87,33,54,75,60,67,41,46,32,42
2012,2266,1906,Douglas,.88188052,.10932368,,.06742458,108.57047,184.70061,,33.915031,,87,7,35,,36,49,13,,22,
2013,2266,1906,Douglas,1.0081204,.13698055,0,.12049124,108.37953,168.30861,202.46678,14.834942,1.6959232,87,4,29,70.5,14,37,47,40,19,51
2014,2266,1906,Douglas,1.0046021,.1344023,.010267626,.10999504,110.80444,169.0584,144.59427,13.470632,1.2218937,87,3,36,49,35,52,39,19,45,22
2015,2266,1906,Douglas,.8705768,.10984238,.015031533,.093820922,112.20073,171.42963,138.78117,13.429749,1.1554925,87,8,37,53,39,54,39,20,47,17
2016,2266,1906,Douglas,.84653705,.12283695,.01751565,.081107974,122.8379,210.26195,201.61554,25.299181,1.5561066,87,7,36,65,49,51,49,54,58,59
2017,2266,1906,Douglas,.78826123,.14434101,.12397297,.10360244,117.51263,226.55362,163.34949,26.154984,1.3214196,87,9,31,20,43,56,34,33,45,49
2012,3985,3033,Faribault,.60214019,.12311078,,.10012928,101.35226,151.75731,,69.98764,,87,42,27,,21,36,4,,52,
2013,3985,3033,Faribault,.6093694,.12311078,0,.10012928,98.928154,132.87895,237.37599,19.693449,2.157752,87,45,31,70.5,22,18,15,57,47,72
2014,3985,3033,Faribault,.68465596,.14398655,.020875774,.11279085,103.37242,145.85356,210.91867,19.006001,1.8865423,87,39,32,44,34,41,19,53,74,68
2015,3985,3033,Faribault,.72302127,.18590179,.13382867,.095752552,104.46276,139.21069,172.38298,19.100662,1.6001143,87,29,13,6,38,42,12,48,75,70
2016,3985,3033,Faribault,.71823657,.19415151,.12682281,.11628411,128.75644,203.46495,178.91472,36.785362,1.3246255,87,21,14,15,32,63,44,42,71,43
2017,3985,3033,Faribault,.68602729,.21962976,.17804959,.11628411,110.11956,216.44887,167.47029,50.771553,1.4170622,87,20,15,8,36,46,26,37,68,58
2012,1838,1276,Fillmore,.9571026,.15838957,,.32228103,106.1595,251.09607,,96.194954,,87,2,20,,3,42,49,,64,
2013,1838,1276,Fillmore,.95107567,.17103581,0,.32145506,106.55755,191.26224,294.52643,40.011475,2.5072949,87,5,17,70.5,4,33,60,78,74,79
2014,1838,1276,Fillmore,.94724053,.17103581,0,.38794312,95.187996,171.42767,243.17328,20.656742,2.0762153,87,9,23,76.5,4,21,42,70,76,73
2015,1838,1276,Fillmore,.66205329,.17066571,8.7746054e-16,.10138016,103.88097,163.35133,200.48392,20.643169,1.7186167,87,36,22,69,35,40,29,61,76,76
2016,1838,1276,Fillmore,.67625719,.22998069,2.7704120e-15,.10138015,129.56334,217.3992,247.46425,42.34766,1.8970386,87,29,12,78,42,65,52,67,77,70
2017,1838,1276,Fillmore,.59184873,.22282825,.028194837,.10138018,108.40228,258.23856,134.61763,76.252342,1.15465,87,38,14,64,46,44,44,20,79,29
2012,1742,1294,Freeborn,.45988014,.091437638,,.049813394,109.18814,218.58868,,49.210526,,87,69,47,,46,50,33,,39,
2013,1742,1294,Freeborn,.48109552,.091435701,0,.049813394,112.69024,182.52147,256.67181,18.700487,2.1391156,87,70,47,70.5,44,51,56,65,41,71
2014,1742,1294,Freeborn,.52535486,.14126481,.049813394,.031397678,119.89572,182.07771,202.4404,13.780965,1.6872159,87,69,35,29,77,64,51,49,48,58
2015,1742,1294,Freeborn,.49370843,.12016287,.028616205,.031397536,120.04621,179.65594,207.62488,14.230349,1.7068297,87,70,34,47,79,63,49,64,52,75
2016,1742,1294,Freeborn,.43133003,.10103893,.041520935,.037464794,123.93478,177.24078,169.42152,21.204792,1.5300366,87,79,44,52,77,54,17,38,50,57
2017,1742,1294,Freeborn,.41265282,.10748186,.13554898,.057442959,110.7626,207.92247,161.18736,20.583021,1.4257149,87,83,45,18,69,47,20,32,35,59
2012,2599,1829,Goodhue,.61270905,.093817502,,.093693942,126.58926,181.62634,,48.869431,,87,39,45,,25,70,10,,38,
2013,2599,1829,Goodhue,.5405407,.093817502,5.6969857e-19,.014204457,134.17369,162.95279,266.0936,21.797667,1.9498277,87,58,46,53,70,72,42,71,53,60
2014,2599,1829,Goodhue,.55892354,.093817502,1.1770170e-11,.057324059,124.88609,160.85593,239.61823,10.208864,1.7720128,87,57,51,60,61,70,31,67,19,62
2015,2599,1829,Goodhue,.52584106,.094655856,.03341129,.056505866,128.75435,174.32761,214.44577,10.20509,1.5380216,87,62,45,42,60,72,43,67,22,66
2016,2599,1829,Goodhue,.49810734,.10204447,.10788309,.052824777,133.62796,175.33926,194.4053,13.697284,1.3651778,87,62,43,22,67,68,16,52,31,48
2017,2599,1829,Goodhue,.46844673,.11639874,.10155448,.054801345,135.75581,191.46935,203.21603,13.575091,1.3996018,87,66,40,25,73,73,9,59,25,57
2012,2266,1906,Grant,.46600994,0,,.10804661,93.563972,415.89246,,50.848385,,87,67,83.5,,17,13,77,,40,
2013,2266,1906,Grant,.51258922,0,0,.12240145,94.598648,201.50705,239.44838,19.543701,2.0924339,87,61,83.5,70.5,13,14,66,58,46,69
2014,2266,1906,Grant,.51162916,0,0,.18786408,86.775726,189.99602,214.32869,18.480742,1.9052391,87,71,83.5,76.5,9,6,59,56,71,69
2015,2266,1906,Grant,.53218502,0,.02484978,.19445123,91.125656,190.95493,138.43402,18.245872,1.2144012,87,58,82.5,48,7,14,57,19,73,24
2016,2266,1906,Grant,.59166193,0,.051770374,.22682607,69.31826,298.95251,133.51282,18.808443,1.1368425,87,43,82,46,5,2,76,8,44,19
2017,2266,1906,Grant,.66061127,0,0,.25059158,91.305237,534.28577,139.52776,17.780294,1.1547294,87,27,82,83,5,21,79,23,31,30
2012,75406,55279,Hennepin,.44584528,.28639627,,.019605579,219.38272,260.36658,,15.71614,,87,74,2,,67,87,54,,4,
2013,75406,55279,Hennepin,.47231957,.32258433,.11844537,.01348681,228.23485,263.23312,283.9649,13.316601,1.3124242,87,71,1,4,71,87,84,74,9,21
2014,75406,55279,Hennepin,.53181559,.37701541,.15113276,.020018391,227.89554,263.2066,281.95874,8.6207542,1.2913713,87,65,1,5,84,87,85,83,9,25
2015,75406,55279,Hennepin,.51818854,.36742294,.15972194,.030601857,231.0182,270.5231,290.70389,8.2248373,1.2961987,87,66,1,2,81,87,84,84,9,39
2016,75406,55279,Hennepin,.54293066,.39845628,.17689864,.036117427,244.03598,286.50934,301.41733,7.855689,1.2681655,87,51,1,4,79,87,74,77,6,37
2017,75406,55279,Hennepin,.56530887,.43109602,.20373362,.039913755,245.40953,283.9603,304.54449,7.8472943,1.2833381,87,47,1,3,81,87,56,77,4,47
2012,1838,1276,Houston,.78736264,.099134587,,.067206301,108.49612,192.36655,,41.720337,,87,14,42,,37,48,17,,31,
2013,1838,1276,Houston,.82836896,.099134587,0,.067150071,111.6987,159.20563,235.38225,11.741597,1.9742471,87,15,41,70.5,37,48,35,53,5,61
2014,1838,1276,Houston,.836963,.099134587,0,.089339964,105.26475,161.91591,249.10446,11.686271,2.1279299,87,18,48,76.5,46,47,32,72,31,76
2015,1838,1276,Houston,.7427575,.070462488,0,.107989,105.73045,177.83044,181.55516,13.105084,1.5234749,87,26,54,79.5,33,46,47,55,43,63
2016,1838,1276,Houston,.78635323,.099953458,.28802973,.14302129,112.37594,180.11836,143.61385,36.94009,1.1625912,87,11,45,1,23,45,19,13,72,22
2017,1838,1276,Houston,.75862002,.16124201,.13286659,.1731557,101.71804,234.38942,123.85091,36.647446,.97792029,87,11,27,19,15,35,36,11,58,9
2012,2630,2129,Hubbard,.46167991,.047522992,,.053362735,109.88496,322.03247,,96.489723,,87,68,59,,42,54,66,,65,
2013,2630,2129,Hubbard,.45763382,.047522992,.028926032,.053381521,112.5621,153.89819,179.68593,24.757656,1.5290512,87,75,60,22,40,50,24,29,60,38
2014,2630,2129,Hubbard,.49835253,.063441657,.067339055,.018747209,115.15552,186.56354,161.76724,36.03154,1.352278,87,79,61,21,85,56,55,26,84,29
2015,2630,2129,Hubbard,.49244848,.066812284,.10051905,.037309516,116.28797,175.24783,155.59152,27.925215,1.289387,87,71,60,13,75,58,44,34,84,37
2016,2630,2129,Hubbard,.46512946,.071207188,.17002784,.018684493,123.95102,183.41051,133.94514,99.125771,.9936071,87,69,54,6,87,55,23,9,85,3
2017,2630,2129,Hubbard,.46271718,.083741523,.17044973,.018836696,121.28301,321.20865,235.47546,183.05605,1.87578,87,68,50,11,87,62,61,67,85,76
2012,3387,2386,Isanti,.34667858,.18891539,,4.4924648e-36,146.13931,189.1738,,108.3895,,87,83,13,,87,77,15,,71,
2013,3387,2386,Isanti,.38441086,.20721923,.029735187,4.4909699e-36,148.03085,177.79764,196.77179,49.481438,1.3655704,87,81,12,20,86,77,54,38,79,27
2014,3387,2386,Isanti,.38896462,.19241469,.054251473,.031113615,144.3208,185.53587,179.0849,13.223385,1.1910751,87,85,15,24,78,77,53,39,44,17
2015,3387,2386,Isanti,.38654545,.1931168,.065765448,.031138645,148.99031,198.05133,187.93495,13.22278,1.2278982,87,84,12,25,80,78,61,58,44,26
2016,3387,2386,Isanti,.35014331,.17303978,.094038151,.031149067,152.45477,199.01479,183.01414,18.866102,1.1745999,87,86,19,23,83,77,39,44,46,25
2017,3387,2386,Isanti,.34291443,.18060245,.0985642,.024621833,144.50204,220.47928,172.82559,21.697001,1.1090168,87,86,23,26,84,77,28,43,38,20
2012,2374,1820,Itasca,.48622096,.067999855,,.14189972,99.425484,245.47566,,36.567158,,87,62,55,,11,28,46,,25,
2013,2374,1820,Itasca,.54676443,.067999855,.031017816,.18319091,99.439812,153.90729,150.87552,18.235582,1.2161947,87,56,56,19,8,19,25,18,38,17
2014,2374,1820,Itasca,.63263333,.10841866,.10530844,.23503971,95.24958,169.88788,161.83707,15.124947,1.3217038,87,45,46,14,6,22,41,27,55,27
2015,2374,1820,Itasca,.6527878,.084066108,.10896717,.26527414,88.289116,134.22829,144.63264,14.793787,1.1659129,87,39,47,12,4,10,10,25,55,19
2016,2374,1820,Itasca,.50604129,.090686478,.13392869,.14844689,97.756653,141.54359,149.0388,23.173246,1.1177948,87,60,48,13,21,20,5,19,55,17
2017,2374,1820,Itasca,.50171256,.093616836,.16615626,.15821563,97.86734,198.60582,135.94119,56.147766,1.0369939,87,57,49,12,21,29,14,21,72,14
2012,1053,893,Jackson,.76253784,.17294072,,.041173864,107.42622,273.67996,,112.18089,,87,18,16,,53,44,55,,72,
2013,1053,893,Jackson,.79353064,.17294072,0,.03294044,113.53709,157.89581,297.33813,24.012346,2.5089567,87,18,16,70.5,56,53,33,80,58,80
2014,1053,893,Jackson,.88672173,.17294072,0,.13314477,100.51467,135.59149,238.27574,15.65177,2.0989506,87,13,21,76.5,23,33,11,66,59,75
2015,1053,893,Jackson,.75057089,.17318882,0,.13322835,95.891304,127.56719,161.30974,15.487998,1.4447695,87,23,20,79.5,24,24,6,40,58,55
2016,1053,893,Jackson,.77340943,.15702213,.031944443,.1675344,110.837,241.2589,141.98688,25.791914,1.0517395,87,13,26,57,13,40,59,11,60,6
2017,1053,893,Jackson,.72523898,.15702213,.077067986,.17892192,94.039711,202.79576,99.953178,45.256329,.79028493,87,12,28,41,13,23,16,2,65,1
2012,885,572,Kanabec,.93055636,.039267562,,.50321102,95.448212,191.74257,,64.094482,,87,4,63,,2,19,16,,49,
2013,885,572,Kanabec,.92728943,.039267562,3.5686420e-09,.50321102,92.157593,168.94043,193.28909,24.507626,1.5934668,87,6,64,47,3,8,49,36,59,44
2014,885,572,Kanabec,.96367455,.039267562,2.3157703e-07,.55376023,85.277115,167.90627,160.83562,15.71615,1.3268961,87,7,68,57,2,5,38,25,60,28
2015,885,572,Kanabec,.97457737,.039561007,2.3156140e-07,.55375719,87.839333,168.35577,157.67392,15.810138,1.2671943,87,3,67,64,2,7,38,37,62,33
2016,885,572,Kanabec,1.0975701,.11788618,.063191049,.55375749,102.39027,182.47989,151.17113,28.875639,1.0732898,87,2,38,39,2,24,22,21,64,9
2017,885,572,Kanabec,.97063285,.058922216,.087319404,.5535723,87.04467,198.98268,128.50011,27.720098,1.0520046,87,2,60,34,2,10,15,15,47,15
2012,2996,2195,Kandiyohi,.45482716,.072292253,,.026653526,109.80962,197.67789,,18.046488,,87,71,53,,62,53,20,,9,
2013,2996,2195,Kandiyohi,.46083692,.072292253,.02438733,.03300463,111.63483,168.03717,154.04114,12.847972,1.3274392,87,72,54,26,55,47,46,19,6,24
2014,2996,2195,Kandiyohi,.49853799,.085942641,.072201625,.047307931,111.10857,175.29356,166.06143,9.21807,1.4652804,87,78,53,20,67,54,45,34,10,47
2015,2996,2195,Kandiyohi,.49041718,.088162214,.080153935,.054307021,109.66598,172.84236,159.01192,9.116065,1.3945279,87,73,46,19,62,53,40,39,13,48
2016,2996,2195,Kandiyohi,.48504016,.097033352,.090332463,.071810521,116.73906,188.21193,158.26268,9.0256424,1.1991587,87,66,46,28,53,47,30,27,12,28
2017,2996,2195,Kandiyohi,.47236422,.11586688,.11752231,.068611808,112.17003,210.35606,165.81755,12.166066,1.3565719,87,63,41,21,63,48,22,35,23,55
2012,422,306,Kittson,.55500221,0,,.092592776,96.322304,989.62506,,171.73505,,87,48,83.5,,27,21,85,,78,
2013,422,306,Kittson,.59378874,0,0,.092592776,93.209061,227.1264,316.77383,28.402573,2.9817958,87,49,83.5,70.5,26,11,76,81,66,81
2014,422,306,Kittson,.57771683,0,0,.12476565,88.026901,233.66025,294.14801,16.299438,2.6405346,87,55,83.5,76.5,27,10,76,85,63,85
2015,422,306,Kittson,.49225226,0,0,.073083945,97.986504,244.97298,300.74301,23.715981,2.5715694,87,72,82.5,79.5,53,28,75,86,80,86
2016,422,306,Kittson,.68649387,0,0,.21305844,100.9138,954.44727,1045.5433,76.223038,8.5485258,87,26,82,83.5,6,23,87,86,83,86
2017,422,306,Kittson,.57197124,0,,.21305844,92.462082,1047.7649,,77.351563,,87,45,82,,7,22,86,,80,
2012,604,445,Koochiching,.42010224,.025823832,,.10854054,99.281677,711.10779,,45.737114,,87,77,70,,16,27,84,,33,
2013,604,445,Koochiching,.44678375,.025823832,0,.080723234,102.82372,284.79816,382.26678,15.79056,3.2335911,87,79,72,70.5,31,25,85,84,26,84
2014,604,445,Koochiching,.50177139,.034147069,0,.13567713,93.701752,328.09299,383.69342,13.990829,3.3298612,87,77,70,76.5,21,19,87,86,49,87
2015,604,445,Koochiching,.54737866,.034147069,0,.18786351,90.370026,298.56091,292.20261,10.167528,2.524528,87,55,70,79.5,9,13,85,85,21,85
2016,604,445,Koochiching,.52205777,0,0,.19040561,94.804832,299.29593,336.96753,10.081962,2.5741119,87,55,82,83.5,8,14,77,79,20,78
2017,604,445,Koochiching,.43070576,0,.01681312,.19387221,79.797539,820.21735,127.23508,11.980645,1.1427524,87,77,82,70,10,5,85,14,22,25
2012,467,393,Lac qui Parle,.44745779,3.1838642e-06,,.077068262,95.243645,396.80634,,69.663445,,87,73,77,,32,17,73,,51,
2013,467,393,Lac qui Parle,.44808358,3.1838642e-06,0,.079324625,93.650391,120.7253,123.73044,18.907043,1.1074522,87,78,78,70.5,32,13,7,6,42,10
2014,467,393,Lac qui Parle,.5219655,.017109176,8.1120816e-06,.14783584,95.563942,180.48543,142.71748,17.984888,1.1684226,87,70,73,55,13,23,50,17,68,16
2015,467,393,Lac qui Parle,.5219357,.018099727,9.3957151e-06,.14397663,96.112038,167.58185,144.17586,17.971014,1.1542108,87,64,72,62,18,25,36,24,70,16
2016,467,393,Lac qui Parle,.5161894,.02262258,2.8621776e-06,.17397347,86.549385,290.6394,233.65791,18.81184,2.1230338,87,57,71,74,11,9,75,65,45,74
2017,467,393,Lac qui Parle,.42530331,.017110202,3.3711009e-07,.09948568,112.38525,337.6131,140.82613,197.9393,1.1488394,87,78,72,78,47,49,65,24,86,27
2012,520,530,Lake,.25294879,.03003733,,.020009916,114.99422,390.40918,,107.50165,,87,87,69,,65,58,72,,70,
2013,520,530,Lake,.36358351,.03003733,0,.050600424,113.31261,193.93701,216.12265,27.20941,1.6919339,87,85,70,70.5,42,52,62,49,64,50
2014,520,530,Lake,.38899162,0,0,.11931174,87.135742,248.91095,185.76535,9.2230024,1.4751569,87,84,83.5,76.5,29,8,80,41,11,48
2015,520,530,Lake,.28338614,0,0,.051167395,101.11508,260.43234,177.92087,9.3225269,1.399586,87,87,82.5,79.5,66,36,79,54,14,50
2016,520,530,Lake,.23906493,0,0,.0463962,102.48406,257.40811,257.47189,15.379848,1.9608833,87,87,82,83.5,72,25,64,70,37,72
2017,520,530,Lake,.27642739,0,.012364234,.053367414,102.2962,485.38589,413.88666,23.263527,3.201947,87,87,82,71,75,36,77,83,42,82
2012,296,171,Lake of the Woods,.41836333,0,,.093023494,95.567665,996.38208,,274.85519,,87,79,83.5,,26,20,86,,82,
2013,296,171,Lake of the Woods,.4599666,0,0,.093023494,92.885414,415.84015,500.92365,25.85746,4.5680208,87,73,83.5,70.5,25,9,87,87,61,87
2014,296,171,Lake of the Woods,.40009415,0,0,.093134783,93.346397,260.10754,260.10754,25.627829,2.348424,87,83,83.5,76.5,43,18,83,74,81,82
2015,296,171,Lake of the Woods,.44088703,0,.041603252,.093134783,92.612701,385.25235,116.31025,25.692644,1.0287182,87,82,82.5,36,40,18,87,4,82,7
2016,296,171,Lake of the Woods,.43951142,0,.054265112,.15513231,99.463425,433.05518,140.9973,240.69316,1.0574068,87,77,82,44,18,21,82,10,87,7
2017,296,171,Lake of the Woods,.41778699,0,.052004065,.17065477,75.998268,779.64862,133.50053,111.24813,.94282317,87,80,82,56,17,2,84,17,84,4
2012,3985,3033,Le Sueur,.72053629,.030278435,,.07431823,125.87668,226.67433,,74.577721,,87,23,68,,34,69,38,,55,
2013,3985,3033,Le Sueur,.72380042,.030278435,1.2931078e-18,.07431823,129.80673,208.38974,233.35199,30.236595,1.7346585,87,27,69,52,35,69,72,52,70,53
2014,3985,3033,Le Sueur,.77953404,.090936303,.079125762,.10692829,119.47179,207.43991,203.91246,9.3689966,1.5678389,87,24,52,18,38,62,67,50,12,53
2015,3985,3033,Le Sueur,.72175974,.074779831,.076435819,.10706075,121.4826,218.20544,171.51625,8.9163122,1.2879627,87,30,53,20,34,64,71,47,11,36
2016,3985,3033,Le Sueur,.68540138,.077271454,.083737105,.10375658,128.20808,224.92021,180.22861,9.2531881,1.2501593,87,27,52,31,38,62,56,43,14,34
2017,3985,3033,Le Sueur,.68000323,.10901196,.10646112,.093949467,126.40299,224.7112,169.70308,11.175435,1.2308419,87,22,44,23,50,68,33,41,20,39
2012,386,278,Lincoln,.63893062,0,,.000042563468,97.034164,357.35306,,388.77722,,87,33,83.5,,82,23,70,,85,
2013,386,278,Lincoln,.73048538,0,0,.00003617895,105.18498,205.62927,220.35625,70.194138,2.1245112,87,26,83.5,70.5,81,30,71,51,85,70
2014,386,278,Lincoln,.93811303,0,0,.19347481,87.54467,201.50937,221.60545,15.06447,2.1554518,87,11,83.5,76.5,8,9,63,59,53,77
2015,386,278,Lincoln,.80850422,0,0,.18361084,76.507484,186.07362,204.62746,14.294562,2.0540092,87,11,82.5,79.5,11,2,51,62,53,84
2016,386,278,Lincoln,.75085688,0,.0036019657,.18364614,78.496902,144.29951,263.17871,25.430212,2.8682044,87,14,82,70,9,4,6,71,59,79
2017,386,278,Lincoln,.91414011,0,.063575521,.23932248,76.544945,553.58722,194.37715,23.246634,1.7705733,87,4,82,49,6,3,80,55,41,75
2012,1741,1051,Lyon,.84940368,.17219852,,.05073294,102.18716,169.18668,,78.017899,,87,8,17,,44,37,7,,59,
2013,1741,1051,Lyon,.86803907,.14915739,0,.059431802,108.64061,132.36723,150.42291,15.033091,1.3133886,87,10,23,70.5,38,39,13,17,22,22
2014,1741,1051,Lyon,.96747977,.16514686,0,.10314594,102.07859,130.89572,139.97914,12.616176,1.2487049,87,6,25,76.5,40,37,7,15,39,23
2015,1741,1051,Lyon,.90870631,.16499309,.0065664002,.12404988,99.259453,131.80658,139.13391,7.5646048,1.2310812,87,5,23,55,26,31,8,21,2,27
2016,1741,1051,Lyon,.8582269,.14929919,.064048231,.12435568,118.95715,161.32143,143.8808,6.9812789,1.0943609,87,6,28,37,31,48,10,14,3,11
2017,1741,1051,Lyon,.7618944,.14286642,.080474868,.11184747,107.14496,279.43997,151.85284,8.8591585,1.2496918,87,10,32,39,37,43,54,28,9,43
2012,2630,2129,Mahnomen,.34578466,.036196534,,.14238462,67.883362,248.99988,,36.493,,87,84,65,,10,1,48,,24,
2013,2630,2129,Mahnomen,.36073661,.036196534,.0845723,.14218071,68.279686,112.29554,112.22736,15.750182,.88933784,87,86,66,10,11,1,3,2,25,1
2014,2630,2129,Mahnomen,.50748426,.047901716,.11069959,.26535013,54.655399,100.14024,105.41026,12.527681,.88561022,87,72,64,10,5,1,2,2,38,1
2015,2630,2129,Mahnomen,.46120474,0,.11968385,.20657618,58.541035,254.78159,145.77151,12.602732,1.2946279,87,78,82.5,9,6,1,78,26,39,38
2016,2630,2129,Mahnomen,.44479293,0,.14638814,.18310505,59.029213,180.40894,146.52519,13.9688,1.2294726,87,75,82,10,10,1,20,17,33,32
2017,2630,2129,Mahnomen,.43605655,0,.18232028,.19090979,70.870613,499.45886,159.00836,31.027695,1.2601305,87,76,82,5,12,1,78,31,52,44
2012,422,306,Marshall,.53026354,.046477731,,.083125465,100.85537,693.57764,,455.09064,,87,51,61,,31,35,83,,87,
2013,422,306,Marshall,.59678108,.056171276,0,.083125465,108.58109,160.13086,245.93619,51.686611,2.0680852,87,47,58,70.5,29,38,37,60,81,68
2014,422,306,Marshall,.58924299,.046477731,0,.11403307,102.7845,165.11458,213.16525,35.226791,1.8063834,87,51,65,76.5,31,39,34,55,83,65
2015,422,306,Marshall,.60390925,.049934529,0,.11403307,104.32786,175.59798,223.71185,35.226791,1.8730788,87,45,62,79.5,30,41,45,72,86,78
2016,422,306,Marshall,.56162119,.047446016,.022222277,.13312933,109.83385,593.85156,672.20844,32.545227,5.2562056,87,46,64,62,28,38,85,85,68,83
2017,422,306,Marshall,.63704473,.045509443,.061904915,.17198648,112.62837,731.86591,115.9534,90.238319,1.054383,87,31,64,50,16,50,83,7,82,16
2012,1065,924,Martin,.74118519,.080547854,,1.4547989e-14,103.01942,219.19992,,269.56485,,87,22,50,,84,38,34,,81,
2013,1065,924,Martin,.77224427,.080547854,0,1.4547989e-14,108.78207,153.91122,247.29716,45.669384,2.2668905,87,20,50,70.5,83,40,26,61,78,73
2014,1065,924,Martin,.85842299,.080547854,0,.11400323,98.191879,162.12486,210.71295,12.026612,1.9514862,87,17,55,76.5,32,28,33,52,34,72
2015,1065,924,Martin,.88121843,.099824384,1.1021203e-14,.11400323,100.26665,159.00092,149.83038,12.026612,1.351969,87,7,42,67,31,33,27,30,36,41
2016,1065,924,Martin,.91413635,.14530119,1.5757652e-14,.11400323,123.01347,191.40027,208.16573,17.687576,1.4860123,87,3,29,77,34,52,32,56,42,54
2017,1065,924,Martin,.83595318,.11806915,.011118227,.13124757,106.33185,263.94781,187.45592,29.943193,1.6690545,87,6,39,73,29,40,50,51,50,71
2012,2272,1740,McLeod,.69090438,.081349656,,.072204895,109.68294,235.51559,,14.254049,,87,26,49,,35,52,42,,3,
2013,2272,1740,McLeod,.77548951,.098214097,0,.1142854,110.04289,201.10265,207.77432,10.541366,1.6999699,87,19,42,70.5,18,44,65,45,3,52
2014,2272,1740,McLeod,.76532751,.15078372,.052587532,.089968324,115.87772,185.77921,232.6286,10.003712,1.8734199,87,27,30,25,45,58,54,65,15,66
2015,2272,1740,McLeod,.74728256,.17646548,.049192134,.089926004,121.94443,199.67972,151.74222,10.003024,1.1890291,87,24,18,32,45,65,65,32,19,22
2016,2272,1740,McLeod,.68448079,.13564037,.039945181,.091884032,127.48616,203.36819,158.63618,9.8450012,1.1250308,87,28,32,54,46,60,43,28,17,18
2017,2272,1740,McLeod,.66118115,.12366951,.078347929,.098706923,118.04988,206.45747,188.64372,10.027808,1.4661249,87,26,38,40,48,58,18,53,15,62
2012,2996,2195,Meeker,.45895147,.10723922,,.044791352,115.25589,255.88841,,57.679489,,87,70,38,,50,59,53,,44,
2013,2996,2195,Meeker,.45327944,.09809269,.0073244348,.044702947,114.93414,168.79262,128.0535,22.678419,1.0587962,87,76,43,37,47,56,48,8,54,7
2014,2996,2195,Meeker,.53120029,.09809269,.0073244348,.11303939,107.66705,172.56346,123.76949,13.534629,1.0027015,87,66,49,51,33,48,43,9,46,4
2015,2996,2195,Meeker,.52959114,.097949818,.0028969101,.11303939,108.13698,186.7081,137.81895,13.534639,1.0947137,87,59,44,58,32,51,52,17,48,9
2016,2996,2195,Meeker,.46970958,.13026597,.11446361,.072398223,103.48658,197.61609,162.82886,15.097452,1.6418737,87,68,33,19,52,27,36,33,36,66
2017,2996,2195,Meeker,.45742249,.13026597,.15309505,.083273306,117.95666,265.54755,211.85252,17.486956,1.7591453,87,71,36,15,56,57,51,64,30,74
2012,4073,2943,Mille Lacs,.50148767,.24342008,,.0092717037,123.13113,173.54269,,112.57952,,87,58,4,,76,67,8,,73,
2013,4073,2943,Mille Lacs,.62617534,.24384461,.041596595,.1002503,128.48863,155.3298,164.44508,50.595665,1.3490475,87,42,6,17,21,67,29,26,80,25
2014,4073,2943,Mille Lacs,.54544199,.23642035,.041596595,.044839498,121.3569,155.98134,164.73598,15.54049,1.3651563,87,61,13,36,69,65,24,32,56,31
2015,4073,2943,Mille Lacs,.52730411,.24073863,.041440412,.044839498,122.24249,156.53986,169.946,15.54049,1.4080776,87,60,10,37,69,66,25,43,60,52
2016,4073,2943,Mille Lacs,.53859633,.26495087,.05209586,.055325683,136.81931,181.01199,167.58473,37.531956,1.2199737,87,52,6,45,65,70,21,37,73,31
2017,4073,2943,Mille Lacs,.4877944,.23923388,.098523431,.055334676,123.16019,181.50473,169.32683,44.028133,1.3313123,87,61,12,27,71,63,6,39,64,51
2012,3652,3135,Morrison,.51371932,.02227661,,.060785249,100.4174,295.09238,,91.930656,,87,55,71,,40,34,60,,62,
2013,3652,3135,Morrison,.5702219,.029256774,.0046456824,.040575087,107.78592,160.34599,148.42311,31.555347,1.3153619,87,53,71,41,51,36,38,16,71,23
2014,3652,3135,Morrison,.63622755,.05874683,.048868153,.076230168,105.19693,159.71448,162.98744,18.123573,1.4405603,87,44,62,31,51,45,29,28,70,45
2015,3652,3135,Morrison,.57525009,.053163283,.095671229,.073307127,104.58543,173.66745,155.7682,17.690386,1.369472,87,47,61,14,51,43,42,35,68,47
2016,3652,3135,Morrison,.54853082,.049358595,.11213055,.070619829,112.16292,206.32161,164.08789,37.728153,1.3430986,87,50,63,20,54,44,47,35,74,45
2017,3652,3135,Morrison,.57103318,.073317096,.072368667,.083798096,108.88941,220.82933,183.39551,49.92202,1.5600165,87,46,55,43,55,45,29,50,67,66
2012,1838,1276,Mower,.40220529,.094774425,,.010078241,115.33728,163.0565,,18.917124,,87,80,44,,74,60,5,,10,
2013,1838,1276,Mower,.42179462,.096497886,1.1943199e-09,.010078241,119.23833,149.09229,285.08658,13.144032,2.3496621,87,80,45,48,73,60,21,75,8,77
2014,1838,1276,Mower,.50571817,.13279255,1.1943199e-09,.066360861,115.98208,175.3436,240.34857,10.009897,1.9058299,87,75,37,59,59,59,46,68,16,70
2015,1838,1276,Mower,.44448286,.082556754,.000040808827,.068692878,107.816,150.2943,228.79582,10.246872,1.8929263,87,80,49,61,57,50,21,74,23,79
2016,1838,1276,Mower,.41160953,.076040216,.060132161,.074342661,106.37335,232.41536,226.30287,13.368959,2.251663,87,82,53,40,51,33,57,64,28,75
2017,1838,1276,Mower,.39903092,.082461029,.06483791,.086758561,106.63577,194.22646,137.35538,9.2576942,1.0905381,87,84,52,48,54,41,12,22,11,18
2012,510,366,Murray,.76535994,.15259224,,6.5655146e-15,99.592316,281.63037,,314.01248,,87,17,22,,85,29,57,,83,
2013,510,366,Murray,.83211714,.15259224,0,6.5655146e-15,106.92671,163.39966,236.01489,72.843689,2.2955332,87,14,21,70.5,84,34,43,55,86,75
2014,510,366,Murray,.86141258,.15259224,0,.052889563,101.66241,154.3284,224.57764,25.378727,2.1937566,87,16,29,76.5,65,36,23,60,80,78
2015,510,366,Murray,.7285794,.15133156,0,.052929737,106.94372,151.62874,169.43114,24.877092,1.478194,87,28,27,79.5,65,47,22,42,81,60
2016,510,366,Murray,.7492739,.15255037,.00011776821,.10755026,111.59337,372.52948,535.06842,39.81522,5.3994203,87,15,27,72,37,42,80,82,76,84
2017,510,366,Murray,.71592468,.15255037,.00056166376,.10755026,103.17722,329.47141,412.60608,58.738056,3.7470896,87,14,30,76,41,38,63,82,74,83
2012,2078,1525,Nicollet,.75154787,.31647298,,.0099720396,133.83415,166.13948,,53.028645,,87,20,1,,75,74,6,,41,
2013,2078,1525,Nicollet,.70449281,.27047688,.0069647087,.0099077364,136.36949,166.14166,144.64539,22.932905,1.052307,87,31,3,39,74,73,45,15,56,6
2014,2078,1525,Nicollet,.7181288,.32304367,.083520435,.021046834,136.89236,166.50264,165.65559,15.625111,1.2131108,87,36,3,17,81,75,36,33,58,20
2015,2078,1525,Nicollet,.71668625,.31338406,.053234313,.049753949,135.12511,173.36615,132.09598,8.9741955,.92186332,87,31,3,29,67,75,41,12,12,2
2016,2078,1525,Nicollet,.63504851,.25011638,.016793417,.049693219,139.36639,186.05711,152.37279,13.559,1.0036882,87,37,8,66,70,72,25,24,29,4
2017,2078,1525,Nicollet,.68355513,.33025169,.046304759,.065409072,135.84541,187.86084,141.43892,13.660617,.96481299,87,21,4,57,66,74,8,25,26,6
2012,1791,1162,Nobles,.34506696,.047044352,,.041837107,85.48983,185.07675,,65.096352,,87,85,60,,52,4,14,,50,
2013,1791,1162,Nobles,.33217594,.047044352,0,.041837107,87.76416,124.98724,331.43863,14.867265,3.3628008,87,87,61,70.5,49,5,10,82,21,85
2014,1791,1162,Nobles,.3664614,.058096319,0,.06632866,88.428307,140.0209,228.31436,12.424265,2.2201331,87,86,63,76.5,60,12,14,63,36,79
2015,1791,1162,Nobles,.37191817,.047137722,.005952816,.07741522,88.181969,127.16399,119.39005,12.354294,1.0992254,87,86,63,56,49,9,4,5,38,10
2016,1791,1162,Nobles,.42512086,.052413333,.042862598,.13022272,115.29562,301.35962,223.3479,19.624353,1.5695387,87,81,62,51,30,46,78,62,47,60
2017,1791,1162,Nobles,.41766924,.052413333,.040325377,.14709093,79.666237,183.8638,103.27555,38.306252,.95589125,87,81,61,61,23,4,7,3,60,5
2012,352,273,Norman,.8113268,.23958302,,.16390787,94.062904,294.86429,,124.56133,,87,11,5,,9,14,59,,75,
2013,352,273,Norman,.86765468,.23958302,.23958302,.16390787,98.044792,113.42443,114.88172,27.898525,1.0205456,87,11,7,1,10,17,4,4,65,4
2014,352,273,Norman,.8731783,.32312846,.23958302,.10775862,109.80658,150.08145,109.53965,44.333645,.91567165,87,14,2,2,37,50,20,3,87,3
2015,352,273,Norman,.86156034,.082146473,5.2976359e-15,.36781973,95.822815,198.01358,176.64404,17.03248,1.4386272,87,9,50,68,3,23,60,53,67,54
2016,352,273,Norman,.7809152,.083545454,9.0477972e-14,.309374,84.384262,67.51593,127.90033,59.482235,1.6844945,87,12,50,76,3,7,1,3,81,67
2017,352,273,Norman,.80548912,.083545454,6.0317989e-14,.42416921,81.159492,260.25977,133.55212,21.544544,.88867718,87,7,51,79,3,7,45,19,37,3
2012,1549,1049,Olmsted,.76549405,.2218568,,.096298128,156.85649,228.33406,,11.112873,,87,16,10,,23,80,40,,2,
2013,1549,1049,Olmsted,.76046765,.21472037,.10765798,.098554961,160.82481,233.86148,250.03514,9.3198938,1.531364,87,25,11,7,24,80,77,63,1,39
2014,1549,1049,Olmsted,.79712319,.28748003,.19351982,.10234515,161.78807,227.44012,227.48038,8.1119385,1.4088483,87,22,7,4,41,80,75,62,5,39
2015,1549,1049,Olmsted,.78376806,.29952398,.21016058,.096290275,170.81868,239.25662,242.72234,7.9697561,1.5058805,87,17,4,1,37,80,74,76,5,62
2016,1549,1049,Olmsted,.71894592,.27294141,.1724304,.10179985,173.61655,255.55954,253.16954,8.2078466,1.4976132,87,20,5,5,40,80,63,68,9,55
2017,1549,1049,Olmsted,.71107352,.28449556,.19029175,.10765842,182.08022,260.70142,243.41933,8.1093473,1.3469082,87,15,7,4,39,80,47,70,6,54
2012,2630,2129,Otter Tail,.45425737,.04564444,,.048257153,105.01194,299.97964,,75.043022,,87,72,62,,48,39,64,,56,
2013,2630,2129,Otter Tail,.49899811,.039746646,.00009576157,.048257153,109.25779,159.55179,193.66991,20.65387,1.6251732,87,66,63,44,46,41,36,37,51,46
2014,2630,2129,Otter Tail,.54134768,.03985719,.002552401,.10683825,99.041069,159.43419,194.25594,14.57081,1.628582,87,63,67,53,39,31,27,44,51,56
2015,2630,2129,Otter Tail,.4789497,.034281068,.0083614234,.078878514,102.62776,163.78961,143.99074,14.764424,1.2017874,87,74,69,54,48,38,31,23,54,23
2016,2630,2129,Otter Tail,.46415129,.038921002,.023743371,.083466932,109.83244,159.23398,151.34232,33.263638,1.1654084,87,70,66,60,48,37,8,22,69,23
2017,2630,2129,Otter Tail,.47655872,.032455124,.072551765,.12560385,102.60735,307.93903,182.11707,57.518616,1.4946327,87,62,69,42,31,37,60,49,73,64
2012,1017,722,Pennington,.74495435,.11668392,,.021392418,108.09014,225.37146,,106.3184,,87,21,30,,64,46,36,,69,
2013,1017,722,Pennington,.76627982,.11668392,0,.021392418,111.78535,130.95561,236.0929,17.090155,2.061337,87,23,33,70.5,63,49,12,56,33,66
2014,1017,722,Pennington,.76043433,.11668392,0,.041048463,109.83269,133.14067,163.4826,13.562369,1.4267941,87,28,40,76.5,72,51,9,30,47,40
2015,1017,722,Pennington,.75422454,.12705782,0,.043168195,112.53562,141.53395,175.4826,13.562369,1.4935743,87,22,33,79.5,72,55,15,52,49,61
2016,1017,722,Pennington,.71991873,.11356831,.01112678,.058874246,120.59517,279.17868,160.99062,22.454943,1.2889745,87,19,39,69,63,50,72,31,54,38
2017,1017,722,Pennington,.7026664,.11356831,.011988208,.064560615,117.24803,242.28879,121.57063,39.298401,.96621424,87,18,42,72,67,55,40,9,61,7
2012,3387,2386,Pine,.34401587,.018208941,,.012837441,126.77179,227.88976,,143.49123,,87,86,72,,71,71,39,,77,
2013,3387,2386,Pine,.3808606,.018208941,.029282467,.014377935,129.96793,153.96266,159.57832,65.518227,1.2092743,87,82,74,21,69,70,28,23,84,16
2014,3387,2386,Pine,.41763917,.021424949,.050329093,.074429668,113.84671,137.53752,145.30441,18.737127,1.1385161,87,82,72,28,53,55,12,20,73,13
2015,3387,2386,Pine,.375393,.021421982,.050326124,.07440047,116.46663,147.76833,147.48715,18.845682,1.1054766,87,85,71,30,50,59,20,28,74,11
2016,3387,2386,Pine,.39458382,.053454466,.083951749,.063103519,120.09641,190.55566,166.68637,38.668819,1.5894279,87,85,61,30,58,49,31,36,75,62
2017,3387,2386,Pine,.36033294,.031011682,.071196958,.074949667,113.30388,306.1004,179.31769,35.991718,1.3802199,87,85,70,44,59,51,59,47,56,56
2012,386,278,Pipestone,.5552879,.069867902,,5.7123558e-16,105.13768,211.59045,,389.23477,,87,47,54,,86,40,28,,86,
2013,386,278,Pipestone,.64822102,.069867902,0,5.7123558e-16,109.64471,155.5419,251.44061,56.934288,2.3095915,87,38,55,70.5,85,43,30,64,83,76
2014,386,278,Pipestone,.72942346,.069867902,0,.13156675,88.809853,156.63965,243.19865,16.143703,2.2246811,87,32,59,76.5,24,13,25,71,62,80
2015,386,278,Pipestone,.73091733,.069725968,0,.13160598,88.971954,143.72849,217.32602,16.012138,2.0059783,87,27,57,79.5,25,11,18,70,64,83
2016,386,278,Pipestone,.7020523,.069867902,.01868229,.15032627,97.350861,234.11449,215.02747,9.7554731,1.7575653,87,23,56,63,19,18,58,59,15,69
2017,386,278,Pipestone,.69875932,.069867902,.020864163,.15880637,87.123695,238.26576,111.14262,15.278319,.96813279,87,19,56,69,20,11,39,6,29,8
2012,1934,1538,Polk,.67217314,.091556288,,.13579763,99.877907,280.48486,,75.470818,,87,31,46,,13,33,56,,58,
2013,1934,1538,Polk,.69382524,.088741392,.028736901,.13579763,103.16509,161.1049,139.57458,16.931854,1.1521466,87,32,48,23,12,26,40,13,32,13
2014,1934,1538,Polk,.77834749,.15550621,.075311199,.13760413,99.978294,145.53317,122.2756,12.685218,1.0197728,87,25,28,19,20,32,18,8,40,5
2015,1934,1538,Polk,.79085308,.16424896,.070814118,.13985248,107.6451,164.50102,135.81902,11.55902,1.0733697,87,15,24,23,21,49,32,15,32,8
2016,1934,1538,Polk,.70023453,.18062824,.16056639,.10139711,127.70602,210.05212,171.14201,22.377535,1.243313,87,24,17,7,41,61,48,40,53,33
2017,1934,1538,Polk,.70769036,.21382858,.1778141,.10139711,115.92133,262.15479,170.6808,40.668449,1.344645,87,17,16,9,45,53,49,42,62,53
2012,2266,1906,Pope,.52736568,.10681005,,.07591249,92.528793,194.27097,,46.612251,,87,53,39,,33,11,19,,35,
2013,2266,1906,Pope,.61860561,.12125207,5.3081760e-07,.07591249,100.47206,153.94382,168.06342,18.305519,1.4682705,87,44,32,45,33,21,27,28,40,36
2014,2266,1906,Pope,.54071939,.074592479,5.3081760e-07,.07591249,105.24128,165.39117,176.87479,17.821625,1.5033709,87,64,57,56,52,46,35,38,67,49
2015,2266,1906,Pope,.49689317,.083548948,5.3174580e-07,.035605043,109.20672,167.26396,170.32317,26.135218,1.4756001,87,68,48,63,78,52,35,45,83,59
2016,2266,1906,Pope,.45215204,.094776161,6.0615075e-06,.051627211,108.55676,178.50948,120.05265,27.007513,2.0261266,87,73,47,73,69,35,18,2,61,73
2017,2266,1906,Pope,.46348268,.094776116,3.0755123e-26,.055430517,113.99661,231.66647,149.43941,55.972668,1.1419928,87,67,47,82,70,52,35,27,71,24
2012,37163,26404,Ramsey,.42799547,.23121957,,.028224938,191.60179,241.31995,,10.111344,,87,76,7,,61,83,45,,1,
2013,37163,26404,Ramsey,.45023069,.25807378,.111762,.03003771,200.89011,250.78172,271.12259,9.5809317,1.4068601,87,77,4,5,59,83,80,72,2,30
2014,37163,26404,Ramsey,.45934701,.27214146,.12994209,.039297726,201.22707,253.88579,270.1785,8.1213646,1.3875312,87,81,9,7,74,85,82,77,6,36
2015,37163,26404,Ramsey,.4430739,.26970354,.14412622,.045270257,206.10054,263.04803,274.98416,7.7640243,1.3627907,87,81,7,3,68,85,80,82,4,44
2016,37163,26404,Ramsey,.43737823,.26244852,.15259387,.059474941,208.95592,275.94485,279.6727,7.4686747,1.3217574,87,78,7,8,62,84,70,74,4,42
2017,37163,26404,Ramsey,.45958534,.28890017,.15613626,.066968776,207.54887,270.53122,275.28018,7.364687,1.265046,87,70,6,14,64,84,52,75,2,46
2012,250,143,Red Lake,1.4801029,.10073082,,.7319991,84.309204,397.01013,,62.520679,,87,1,41,,1,3,74,,48,
2013,250,143,Red Lake,1.495304,.10073082,0,.7319991,82.255585,124.47134,192.38875,17.131367,2.0618424,87,2,40,70.5,2,2,9,34,34,67
2014,250,143,Red Lake,1.5888512,.10073082,.039587613,.89363873,78.612755,123.7924,129.54834,10.841484,1.3715661,87,1,47,37,1,2,5,12,22,34
2015,250,143,Red Lake,1.595021,.09904407,.047505137,.90383178,80.535645,127.51857,141.54834,10.841484,1.4512427,87,1,43,34,1,4,5,22,27,57
2016,250,143,Red Lake,1.6178797,.1058965,.047505137,.90383178,97.540222,438.31573,146.35799,11.022635,1.1459759,87,1,42,48,1,19,83,15,24,20
2017,250,143,Red Lake,1.6252035,.14002782,.057006162,.90383178,87.528481,424.07642,133.50558,10.841484,1.177706,87,1,34,53,1,12,75,18,18,33
2012,1576,1222,Redwood,.60522842,.0030676336,,.04423245,99.090141,408.84155,,123.13905,,87,40,75,,51,25,75,,74,
2013,1576,1222,Redwood,.6653651,.044744138,0,.022352288,104.13258,117.71736,213.45758,44.327938,2.0129821,87,34,62,70.5,62,28,5,47,77,63
2014,1576,1222,Redwood,.67175764,.0030676336,5.5245988e-37,.082514063,97.524818,151.59435,137.52005,19.606455,1.2724007,87,42,76,65,49,26,21,13,75,24
2015,1576,1222,Redwood,.63360715,.0030641546,5.6063337e-37,.079379797,99.630753,158.34486,145.98227,21.424692,1.3662632,87,42,75,71,47,32,26,27,78,46
2016,1576,1222,Redwood,.55347168,.0022069304,.017611586,.099165417,105.92328,188.12587,191.62016,44.943775,1.5312217,87,48,74,64,44,31,29,49,78,58
2017,1576,1222,Redwood,.51431257,.0028694468,.027467187,.082569972,98.988235,401.9473,203.94228,71.564034,1.7455308,87,53,74,65,57,31,73,60,76,73
2012,877,629,Renville,.9167223,.077846564,,.22872485,99.755348,298.07126,,70.430428,,87,5,52,,4,31,62,,53,
2013,877,629,Renville,2.3934417,.077846937,2.2221454e-07,1.6976535,101.70388,145.8588,162.94835,26.401539,1.4182876,87,1,52,46,1,23,18,25,62,32
2014,877,629,Renville,.83604097,.11214487,2.2221454e-07,.12525685,97.896706,176.42215,198.44975,12.412304,1.7085571,87,19,43,58,26,27,48,45,35,60
2015,877,629,Renville,.79882616,.14825554,2.2216878e-07,.096902989,98.905304,161.01033,183.29323,13.22956,1.5968369,87,13,28,65,36,30,28,56,45,69
2016,877,629,Renville,.66539931,.13717189,3.8452791e-07,.11179522,81.220543,171.97739,197.41791,11.748839,1.9446013,87,31,31,75,35,5,15,53,25,71
2017,877,629,Renville,.72486365,.22740398,2.4115830e-06,.088675357,88.563255,196.55542,208.15804,20.831375,1.6210393,87,13,13,77,53,14,13,63,36,70
2012,3960,2862,Rice,.48357192,.11381342,,.030959275,135.21895,184.05891,,19.187723,,87,64,32,,60,75,12,,12,
2013,3960,2862,Rice,.48593682,.11125102,.014556693,.02438084,136.48425,169.31317,192.92218,13.608056,1.3788669,87,68,37,33,60,74,50,35,10,29
2014,3960,2862,Rice,.46285143,.10985297,.018314894,.039035954,129.96117,172.83322,155.04437,7.7376595,1.1153082,87,80,44,46,75,74,44,23,3,10
2015,3960,2862,Rice,.46170139,.11907103,.032681055,.044162374,132.73438,175.71954,138.40688,8.0225487,.94340694,87,77,35,44,70,73,46,18,6,3
2016,3960,2862,Rice,.42706251,.11955228,.032791611,.038380083,146.67712,200.18921,183.41167,8.7513342,1.2153026,87,80,37,55,76,75,41,45,11,30
2017,3960,2862,Rice,.41521692,.12378675,.068140291,.04416237,137.6443,193.27708,169.10809,8.9259224,1.127436,87,82,37,46,79,75,11,38,10,23
2012,612,461,Rock,.80245191,0,,.0325475,99.700211,425.6879,,320.97574,,87,13,83.5,,58,30,78,,84,
2013,612,461,Rock,.85060126,0,0,.0325475,105.68061,225.515,336.57703,43.959618,3.1745129,87,12,83.5,70.5,57,31,75,83,76,83
2014,612,461,Rock,.73437262,0,0,5.8760641e-14,107.85651,241.3575,275.09982,40.645435,2.5776083,87,31,83.5,76.5,87,49,77,79,86,84
2015,612,461,Rock,.77517074,0,0,.037083719,101.37402,166.14021,170.13762,18.00432,1.6372983,87,19,82.5,79.5,76,37,34,44,71,73
2016,612,461,Rock,.69536334,0,0,.062356953,109.11112,560.93378,522.88043,16.941998,4.5227475,87,25,82,83.5,60,36,84,81,40,81
2017,612,461,Rock,.67355877,0,.0093230288,.17360793,87.977859,444.2067,119.12065,26.176184,1.0213318,87,23,82,74,14,13,76,8,46,11
2012,296,171,Roseau,.71872407,0,,.099821977,91.236786,1040.0316,,21.835762,,87,24,83.5,,22,10,87,,14,
2013,296,171,Roseau,.71366781,0,0,.099821977,94.984169,301.38266,414.16977,15.633017,3.9557924,87,30,83.5,70.5,23,15,86,85,23,86
2014,296,171,Roseau,.72439384,.011975574,.011975574,.11594012,96.008064,222.33963,224.99487,15.590942,2.0883663,87,35,74,48,30,25,74,61,57,74
2015,296,171,Roseau,.66821063,0,0,.092774682,94.033936,318.66122,204.82608,16.746258,1.9307359,87,35,82.5,79.5,41,22,86,63,66,81
2016,296,171,Roseau,.66120869,0,.016267942,.088914856,89.563705,835.84003,643.31915,76.248421,6.9561043,87,32,82,68,47,10,86,84,84,85
2017,296,171,Roseau,.56329584,0,.036559138,.092774682,94.683868,1048.4259,108.61247,75.94545,1.0156641,87,48,82,63,51,25,87,5,78,10
2012,10809,8078,Scott,.58190721,.17928527,,.010939412,187.42653,253.4325,,38.108631,,87,44,14,,73,82,51,,27,
2013,10809,8078,Scott,.57859474,.1809992,.048482742,.007296734,191.62987,248.16292,292.90042,16.596693,1.5899408,87,52,14,15,77,82,79,76,31,43
2014,10809,8078,Scott,.56699318,.18699709,.05207238,.014435405,191.01823,251.121,278.93622,9.9959192,1.5090972,87,56,16,26,86,82,81,82,14,50
2015,10809,8078,Scott,.52692491,.17476751,.069261223,.015200783,196.76598,266.45868,273.60425,10.562464,1.4482942,87,61,19,24,87,82,81,80,25,56
2016,10809,8078,Scott,.53378445,.20172006,.070473894,.02147276,202.84676,272.23175,281.19568,8.6975508,1.4202754,87,54,13,35,85,83,68,75,10,52
2017,10809,8078,Scott,.51459819,.20568855,.083681606,.026157092,199.75122,261.66397,273.28906,8.7079353,1.427987,87,52,17,38,83,82,48,74,8,60
2012,7902,5831,Sherburne,.51736951,.15025315,,.0073388405,144.83955,199.42366,,25.778992,,87,54,23,,79,76,22,,17,
2013,7902,5831,Sherburne,.54134995,.15063682,.019559372,.0095673278,146.3082,204.65201,264.49811,18.243866,1.8406305,87,57,22,29,75,76,69,70,39,58
2014,7902,5831,Sherburne,.54700089,.16688119,.02054581,.024134384,148.50034,210.8476,242.17302,11.861734,1.5933236,87,60,24,45,80,78,68,69,32,54
2015,7902,5831,Sherburne,.52267367,.16101462,.023278467,.024042841,146.62434,209.8831,230.59322,11.862366,1.5312185,87,63,25,50,84,77,68,75,34,65
2016,7902,5831,Sherburne,.50236058,.16923739,.032217335,.023421904,159.64514,220.16478,215.16086,12.618035,1.3083959,87,61,20,56,84,78,53,60,26,40
2017,7902,5831,Sherburne,.45229685,.16702189,.03971044,.024384752,153.96671,222.90057,200.87204,13.347528,1.2642837,87,73,26,62,85,78,31,58,24,45
2012,2272,1740,Sibley,.56758469,.00094020762,,.031430721,109.49267,285.31891,,40.075474,,87,45,76,,59,51,58,,29,
2013,2272,1740,Sibley,.59776533,.00073978701,0,.031430721,114.57671,197.81017,210.69884,17.637955,1.7521249,87,46,77,70.5,58,55,64,46,35,54
2014,2272,1740,Sibley,.67258561,.00073978701,6.9399483e-23,.13401107,93.335754,206.60191,218.8692,8.2877283,1.8759252,87,41,78,63,22,17,66,58,7,67
2015,2272,1740,Sibley,.65474117,.00083606562,.00015458146,.12317601,93.211403,221.55507,214.50876,8.2760677,1.8302596,87,38,76,60,27,20,72,68,10,77
2016,2272,1740,Sibley,.60899115,.0010707132,.022721427,.10258037,95.781837,242.87881,151.82864,9.2264442,1.3739277,87,39,75,61,39,17,60,23,13,50
2017,2272,1740,Sibley,.57963645,.00073963887,.042266525,.10257532,97.138077,324.29086,132.68814,10.146461,1.1086954,87,43,75,59,44,27,62,16,16,19
2012,10506,8069,St. Louis,.51201504,.15330134,,.10302103,112.40061,198.86343,,37.008278,,87,56,21,,20,57,21,,26,
2013,10506,8069,St. Louis,.55576867,.16239674,.018779395,.10734653,116.35059,156.09444,156.89087,14.278138,1.1805551,87,55,18,30,19,57,32,21,17,15
2014,10506,8069,St. Louis,.58370894,.18320854,.03285329,.13985509,111.03716,159.6684,172.05882,9.6594658,1.3118304,87,54,17,40,18,53,28,36,13,26
2015,10506,8069,St. Louis,.54622197,.18547592,.029255705,.1213593,115.22623,163.37286,168.87727,9.6915827,1.2528223,87,56,14,46,29,57,30,41,15,29
2016,10506,8069,St. Louis,.49646941,.17469582,.055848774,.11009195,129.2386,195.28923,185.44905,14.667164,1.2562608,87,63,18,42,36,64,34,46,34,35
2017,10506,8069,St. Louis,.4958818,.19130968,.087065391,.12193428,117.07803,221.52841,180.22147,19.940445,1.1918477,87,60,20,35,32,54,30,48,34,34
2012,2996,2195,Stearns,.63359976,.12199422,,.013201957,126.99316,200.17261,,44.512726,,87,34,28,,70,72,24,,32,
2013,2996,2195,Stearns,.6699757,.13918874,.02825213,.02067109,129.22775,182.12192,215.64496,17.873289,1.663493,87,33,26,24,64,68,55,48,36,49
2014,2996,2195,Stearns,.68429822,.15654433,.04332833,.052410506,128.14671,188.99442,189.02301,11.030889,1.4366536,87,40,27,34,66,72,57,42,25,43
2015,2996,2195,Stearns,.66010952,.14691903,.073954046,.054963354,126.57681,188.64656,175.33636,11.058666,1.3621963,87,37,29,21,61,69,56,51,29,43
2016,2996,2195,Stearns,.62371904,.16063812,.093926474,.048273336,139.66721,198.71898,191.42111,13.572351,1.31703,87,38,22,24,71,73,38,48,30,41
2017,2996,2195,Stearns,.59953469,.16938794,.087447129,.058572598,134.87527,211.68971,213.27267,14.486949,1.578061,87,37,25,33,68,71,23,65,27,68
2012,3960,2862,Steele,.84520322,.20287104,,.056595627,121.67209,193.49365,,17.246883,,87,9,12,,41,64,18,,8,
2013,3960,2862,Steele,.845052,.19236887,.080378219,.037713595,125.96048,188.19893,205.39082,11.334142,1.6563755,87,13,13,11,53,65,58,44,4,48
2014,3960,2862,Steele,.79871124,.17711809,.084183834,.068700984,122.14206,189.91873,201.93398,7.2386589,1.6387875,87,21,19,16,58,67,58,48,2,57
2015,3960,2862,Steele,.80068856,.18419558,.084321991,.070024379,126.4016,205.43742,211.46382,8.1260433,1.6577566,87,12,15,16,56,68,67,65,7,74
2016,3960,2862,Steele,.70677334,.16010173,.085321449,.059505481,133.72449,204.16811,215.91516,7.5492816,1.5929641,87,22,23,29,61,69,45,61,5,64
2017,3960,2862,Steele,.66483688,.1539308,.10619457,.076911107,125.3491,208.77348,192.41121,7.4740701,1.4708886,87,25,29,24,58,65,21,54,3,63
2012,492,328,Stevens,.67876714,.11286046,,.034499526,99.096451,199.71571,,97.625763,,87,30,33,,56,26,23,,66,
2013,492,328,Stevens,.80784398,.11286046,0,.034499526,105.89486,146.44109,139.00606,20.591028,1.3101041,87,17,36,70.5,54,32,19,12,50,20
2014,492,328,Stevens,.87153912,.11286046,0,.084141009,101.37463,140.27017,141.44525,18.529232,1.3663479,87,15,42,76.5,48,34,15,16,72,33
2015,492,328,Stevens,.79444999,.08155939,.08155939,.12274286,88.170578,127.57941,127.57941,9.7406654,1.2624282,87,14,51,18,28,8,7,9,16,32
2016,492,328,Stevens,.7297284,.08136452,.11943185,.15734155,76.026695,224.37596,128.2883,10.028339,1.5212526,87,17,51,16,16,3,54,5,19,56
2017,492,328,Stevens,.66613781,.094498724,.020990826,.15748902,80.659462,212.82443,107.75696,25.545938,1.0215067,87,24,48,68,22,6,24,4,44,12
2012,576,551,Swift,.80686629,.10902555,,.062507272,97.796707,296.3732,,46.795082,,87,12,36,,38,24,61,,36,
2013,576,551,Swift,.88753015,.10902555,.10902555,.10515305,93.014717,129.52679,116.48421,23.082876,1.0637608,87,9,39,6,20,10,11,5,57,8
2014,576,551,Swift,.94808906,.10902555,.10902555,.14457802,89.608765,131.29483,117.43527,22.286108,1.0642651,87,8,45,12,15,14,8,5,78,6
2015,576,551,Swift,.76841253,.10921621,.10921621,.090506896,91.442871,132.4232,121.68314,35.34531,1.1190341,87,20,38,11,44,15,9,6,87,14
2016,576,551,Swift,.72398001,.10902555,1.0918731e-23,.16265902,93.236702,215.86952,214.7142,30.225637,1.6342077,87,18,41,80,14,12,51,57,66,65
2017,576,551,Swift,.64112854,.10902555,4.7769447e-23,.1297034,91.244133,301.80856,376.47479,95.213951,2.758388,87,29,43,81,30,20,57,81,83,80
2012,1585,1188,Todd,.35014322,2.7148455e-09,,.10481117,80.050537,414.60165,,33.900795,,87,82,78,,19,2,76,,21,
2013,1585,1188,Todd,.36550456,.0017740836,.00014440123,.075145699,90.540031,163.86084,167.38066,15.816973,1.5570679,87,84,76,43,34,7,44,27,27,41
2014,1585,1188,Todd,.36502096,.0026611194,.0028055094,.10978419,83.665581,159.04063,163.25497,15.040587,1.5531271,87,87,77,52,36,4,26,29,52,52
2015,1585,1188,Todd,.42901075,.044830728,.015266078,.139605,86.079575,155.33586,123.58161,13.978824,1.1097546,87,83,66,52,22,5,24,7,50,13
2016,1585,1188,Todd,.43985045,.033903532,.063985527,.13359264,103.70325,265.46716,192.0407,20.747599,1.5902957,87,76,69,38,27,28,67,50,48,63
2017,1585,1188,Todd,.42022854,.040672276,.070367925,.14073361,89.103241,343.87015,195.03531,33.789032,1.7049844,87,79,66,45,26,16,66,56,53,72
2012,467,393,Traverse,.82693708,0,,.21848738,95.107063,549.85657,,193.45331,,87,10,83.5,,5,16,80,,79,
2013,467,393,Traverse,1.0455846,0,0,.21848738,104.95422,225.24074,203.87093,56.048618,1.8011022,87,3,83.5,70.5,5,29,74,43,82,56
2014,467,393,Traverse,1.1406966,0,0,.47137251,86.920517,220.54076,207.43077,11.112698,1.9095042,87,2,83.5,76.5,3,7,72,51,26,71
2015,467,393,Traverse,.80948305,0,0,.25288513,87.1576,217.31558,217.31558,11.174042,1.8989724,87,10,82.5,79.5,5,6,70,69,30,80
2016,467,393,Traverse,.80017221,0,,.25288513,85.289383,275.39227,,22.31214,,87,10,82,,4,8,69,,52,
2017,467,393,Traverse,.79609215,0,,.25288513,86.200508,395.37631,,29.887316,,87,8,82,,4,9,70,,49,
2012,1216,934,Wabasha,.68091911,.067089073,,.018053589,122.26511,207.29518,,195.81616,,87,29,56,,68,65,27,,80,
2013,1216,934,Wabasha,.72149068,.067089073,0,.020059545,127.14149,183.1926,295.22714,34.362766,2.2736001,87,28,57,70.5,65,66,57,79,72,74
2014,1216,934,Wabasha,.72715622,.067089073,1.8151680e-23,.073292233,119.8711,184.06404,293.06885,14.1372,2.2681749,87,34,60,64,54,63,52,84,50,81
2015,1216,934,Wabasha,.71226209,.066968851,.038876478,.073292233,118.32243,187.31583,214.24825,14.167905,1.6288073,87,32,59,38,52,61,53,66,51,72
2016,1216,934,Wabasha,.65242922,.067089073,.055252772,.06840279,127.39902,213.33531,159.60014,23.737514,1.1519599,87,35,59,43,57,59,50,30,56,21
2017,1216,934,Wabasha,.6444118,.067089073,.05955115,.073292233,125.49811,220.09068,142.58751,28.091026,1.0650412,87,28,59,51,61,66,27,26,48,17
2012,3300,2408,Wadena,.4198063,.03196834,,.061765525,90.888504,349.96033,,38.560078,,87,78,67,,39,9,69,,28,
2013,3300,2408,Wadena,.48825827,.03196834,.023144528,.082698666,93.522537,142.98996,129.45554,16.02726,1.1081318,87,67,68,27,30,12,17,9,29,11
2014,3300,2408,Wadena,.58463383,.03196834,.023144528,.14035372,91.296669,138.67012,138.90854,10.405155,1.2096285,87,53,71,43,17,15,13,14,20,19
2015,3300,2408,Wadena,.56757516,.037940886,.023779448,.14141729,92.218155,140.47354,136.0069,10.412481,1.1760075,87,48,68,49,20,17,14,16,24,21
2016,3300,2408,Wadena,.54978913,.036685038,.02819363,.14933766,103.99835,194.40161,142.0547,21.057711,1.0945045,87,49,67,58,20,29,33,12,49,12
2017,3300,2408,Wadena,.47132593,.037230976,.041270837,.14066654,89.095436,373.43613,187.63715,34.556927,1.597737,87,64,67,60,27,15,68,52,55,69
2012,3985,3033,Waseca,.68576509,.078372695,,.01464422,105.5652,138.06436,,23.443615,,87,27,51,,69,41,2,,16,
2013,3985,3033,Waseca,.63562316,.078372695,1.1232438e-14,.01464422,109.28194,137.55127,201.08151,13.803317,1.790241,87,41,51,50,68,42,16,39,14,55
2014,3985,3033,Waseca,.60064846,.078366227,1.1652436e-14,.054154154,104.3201,145.10188,201.79231,10.965281,1.7935658,87,48,56,61,63,43,17,47,23,64
2015,3985,3033,Waseca,.53454578,.078287005,3.1665101e-16,.054154154,105.31824,143.60838,221.78775,10.714271,1.9371649,87,57,52,70,63,45,17,71,26,82
2016,3985,3033,Waseca,.49045891,.068582721,3.2448069e-16,.069599658,123.17917,187.68117,319.47153,5.2633495,2.2551205,87,65,58,79,56,53,27,78,1,76
2017,3985,3033,Waseca,.46116307,.078275971,4.3550210e-16,.073172621,101.31358,146.40311,313.96188,5.4751196,2.6667902,87,69,53,80,62,34,2,79,1,79
2012,3387,2386,Washington,.49137309,.22930366,,.0067928461,195.92058,255.13699,,21.566328,,87,61,9,,80,85,52,,13,
2013,3387,2386,Washington,.48320794,.22860368,.12052409,.0067849839,201.51422,261.09006,260.81189,15.658455,1.4403446,87,69,10,2,78,84,83,67,24,33
2014,3387,2386,Washington,.52967668,.2557188,.10824432,.027405037,199.3515,265.00269,268.54001,10.975113,1.3891385,87,67,11,13,79,84,86,76,24,37
2015,3387,2386,Washington,.49603677,.24467321,.11088319,.029234508,204.45477,269.53214,274.3764,10.897682,1.4051045,87,69,9,10,82,84,83,81,28,51
2016,3387,2386,Washington,.50776362,.24740045,.1333774,.05204827,201.32883,281.81934,279.05533,8.1802149,1.3722382,87,59,9,14,68,82,73,73,8,49
2017,3387,2386,Washington,.52184629,.27163565,.14037649,.054952051,202.81334,280.28033,259.75888,8.2830076,1.2322551,87,50,8,17,72,83,55,73,7,40
2012,1053,893,Watonwan,.53547859,.16123703,,.024115346,89.321465,99.168297,,92.039299,,87,49,18,,63,8,1,,63,
2013,1053,893,Watonwan,.5399363,.16121149,0,.024115346,95.939217,98.738983,203.37808,14.855736,2.0477636,87,59,19,70.5,61,16,2,42,20,65
2014,1053,893,Watonwan,.50340533,.16123703,.01418024,.071194507,81.933899,89.301849,104.85794,6.3102565,1.1118355,87,76,26,47,56,3,1,1,1,9
2015,1053,893,Watonwan,.469791,.16082586,.070888184,.071194507,77.950073,87.796051,86.979118,6.3102565,.91835856,87,76,26,22,55,3,1,1,1,1
2016,1053,893,Watonwan,.40427548,.13877028,.092636228,.036955297,94.362999,99.140633,163.72736,6.3973851,1.728865,87,84,30,25,78,13,2,34,2,68
2017,1053,893,Watonwan,.51333332,.25984621,.18193035,.042833336,103.5613,135.71126,79.649323,10.50689,.85855675,87,54,10,6,80,39,1,1,17,2
2012,484,311,Wilkin,.68512839,.010490702,,.050127853,108.09785,548.75598,,104.48824,,87,28,74,,45,47,79,,68,
2013,484,311,Wilkin,.76761901,.010490702,0,.050127853,107.00098,202.26041,235.54515,19.159521,2.0398962,87,21,75,70.5,43,35,67,54,44,64
2014,484,311,Wilkin,.74194008,.010490702,0,.080181025,101.42692,222.12791,276.72595,40.328144,2.4293509,87,29,75,76.5,50,35,73,80,85,83
2015,484,311,Wilkin,.7780776,.010509048,0,.13915497,97.376488,193.07292,185.64383,12.859221,1.577551,87,18,73,79.5,23,27,59,57,41,68
2016,484,311,Wilkin,.6552943,.0098549016,0,.15536225,102.74842,166.14214,480.13263,30.098751,4.1350126,87,34,72,83.5,17,26,12,80,65,80
2017,484,311,Wilkin,.62903512,.025944974,,.13941382,98.151543,304.55081,,36.212841,,87,32,71,,28,30,58,,57,
2012,1838,1276,Winona,.75182563,.1771438,,.035441037,116.93875,212.87968,,15.737376,,87,19,15,,55,62,31,,5,
2013,1838,1276,Winona,.76650375,.1771438,.060872663,.03810728,119.39258,170.88806,190.00322,13.05043,1.5572046,87,22,15,13,52,61,51,33,7,42
2014,1838,1276,Winona,.81502283,.20596308,.060872663,.054779522,118.69258,176.39059,190.45503,11.283827,1.5470804,87,20,14,22,62,61,47,43,27,51
2015,1838,1276,Winona,.78960478,.20456082,.08398369,.058565818,119.36018,181.21196,170.96408,12.199195,1.3634384,87,16,11,17,59,62,50,46,37,45
2016,1838,1276,Winona,.73050994,.19075179,.11018937,.063031577,126.86018,188.10033,186.70161,18.471233,1.3930215,87,16,15,21,59,57,28,47,43,51
2017,1838,1276,Winona,.582376,.19266365,.097234525,.097830214,118.76146,206.55716,163.98735,23.06881,1.215042,87,42,19,28,49,59,19,34,40,36
2012,1509,1060,Wright,.48540682,.10093939,,.019932374,149.47858,212.56725,,16.606665,,87,63,40,,66,79,30,,7,
2013,1509,1060,Wright,.50708693,.11068568,.016621038,.018490551,153.23961,211.9782,294.04782,14.207952,1.9250485,87,63,38,31,66,79,73,77,16,59
2014,1509,1060,Wright,.50641692,.11690513,.033289332,.045046162,150.93974,219.59822,272.83463,11.518312,1.7761396,87,74,39,39,68,79,71,78,29,63
2015,1509,1060,Wright,.47223222,.10611855,.033494264,.043575507,149.19455,239.16939,243.18457,11.531138,1.6065192,87,75,40,41,71,79,73,77,31,71
2016,1509,1060,Wright,.45289677,.12501916,.074998811,.043493744,160.4575,243.16383,207.7477,10.904214,1.2585261,87,72,35,32,73,79,61,55,23,36
2017,1509,1060,Wright,.44360524,.14016351,.068003386,.046852507,157.63339,237.77327,198.03032,11.046815,1.2204212,87,75,33,47,78,79,38,57,19,37
2012,372,277,Yellow Medicine,.78635079,.047539908,,.084276058,94.385895,298.97327,,61.133533,,87,15,58,,29,15,63,,46,
2013,372,277,Yellow Medicine,.80811101,.047539908,.046115506,.05146803,102.37508,117.7264,113.97469,22.706915,1.0805748,87,16,59,16,41,24,6,3,55,9
2014,372,277,Yellow Medicine,.73608017,.069983929,.046894614,.053633749,102.13494,152.80827,117.54642,21.395094,1.0894892,87,30,58,32,64,38,22,6,77,7
2015,372,277,Yellow Medicine,.75997514,.070247941,.063696802,.083675876,98.073021,146.51588,113.12057,20.887814,1.1095266,87,21,56,26,46,29,19,3,77,12
2016,372,277,Yellow Medicine,.80205441,.069983929,.11899821,.11612177,105.85654,113.55759,109.48669,22.124352,.90803808,87,9,55,17,33,30,4,1,51,1
2017,372,277,Yellow Medicine,.64066142,.047999002,.058996513,.12193164,96.357597,368.56519,240.38844,55.640434,2.1954818,87,30,63,52,33,26,67,68,70,77
