year,tribal_name,legal_stat,legal_st_1,reservatio,tribal_gov,n_kids_u5,n_fams_u5,state_n_kids_u5,state_n_fams_u5,hr_slots,share_hr,adj_supply_any,adj_supply_ccc,adj_supply_fcc,adj_supply_hr,adj_supply_public,totcost_any,totcost_ccc,totcost_hr,totcost_public,quality_premium,access_index,state_hr_slots,state_adj_supply_any,state_adj_supply_ccc,state_adj_supply_fcc,state_adj_supply_hr,state_adj_supply_public,state_totcost_any,state_totcost_ccc,state_totcost_hr,state_totcost_public,state_quality_premium,state_access_index,state_share_hr,msa_hr_slots,msa_adj_supply_any,msa_adj_supply_ccc,msa_adj_supply_fcc,msa_adj_supply_hr,msa_adj_supply_public,msa_totcost_any,msa_totcost_ccc,msa_totcost_hr,msa_totcost_public,msa_quality_premium,msa_access_index,msa_share_hr,rural_hr_slots,rural_adj_supply_any,rural_adj_supply_ccc,rural_adj_supply_fcc,rural_adj_supply_hr,rural_adj_supply_public,rural_totcost_any,rural_totcost_ccc,rural_totcost_hr,rural_totcost_public,rural_quality_premium,rural_access_index,rural_share_hr,st_med_hr_slots,st_med_adj_supply_any,st_med_adj_supply_ccc,st_med_adj_supply_fcc,st_med_adj_supply_hr,st_med_adj_supply_public,st_med_totcost_any,st_med_totcost_ccc,st_med_totcost_hr,st_med_totcost_public,st_med_quality_premium,st_med_access_index,st_med_share_hr,p25_hr_slots,p75_hr_slots,p50_hr_slots,p25_adj_supply_any,p75_adj_supply_any,p50_adj_supply_any,p25_adj_supply_ccc,p75_adj_supply_ccc,p50_adj_supply_ccc,p25_adj_supply_fcc,p75_adj_supply_fcc,p50_adj_supply_fcc,p25_adj_supply_hr,p75_adj_supply_hr,p50_adj_supply_hr,p25_adj_supply_public,p75_adj_supply_public,p50_adj_supply_public,p25_totcost_any,p75_totcost_any,p50_totcost_any,p25_totcost_ccc,p75_totcost_ccc,p50_totcost_ccc,p25_totcost_hr,p75_totcost_hr,p50_totcost_hr,p25_totcost_public,p75_totcost_public,p50_totcost_public,p25_quality_premium,p75_quality_premium,p50_quality_premium,p25_access_index,p75_access_index,p50_access_index,p25_share_hr,p75_share_hr,p50_share_hr,N_AI_tribal_name,rank_hr_slots,rank_adj_supply_any,rank_adj_supply_ccc,rank_adj_supply_fcc,rank_adj_supply_hr,rank_adj_supply_public,rank_share_hr,rank_access_index,rank_totcost_any,rank_totcost_ccc,rank_totcost_hr,rank_totcost_public,rank_quality_premium,s_adj_supply_fcc,s_adj_supply_ccc,s_adj_supply_public,s_st_adj_supply_fcc,s_st_adj_supply_ccc,s_st_adj_supply_public
2012,Bois Forte,Bois Forte Reservation,86,R,Bois Forte Band of Chippewa,22.125452,16.153114,349261,259503,1.8029505,.36023322,2.5051091,.70215845,1.1592369e-11,0,1.8029505,92.594765,404.56363,,181.90778,,3.3583796,.0386969,.5348947,.19158287,.30461493,0,.0386969,165.04706,245.78123,,35.264988,,-6.5270100e-10,.054010592,.016329851,.48531702,.25363493,.21535224,0,.016329851,202.43025,251.13664,,17.787479,,-.43156007,.03597733,.066008456,.59543216,.11581349,.41361022,0,.066008456,119.39986,239.24196,,56.606106,,.52696162,.076030329,.0016955917,.49562806,.16701594,.23368755,0,.0016955917,168.67125,242.06996,,12.500026,,-.17660937,.0041277604,0,2.9341917,0,0,2.9341917,1.0433131e-10,0,0,0,0,0,0,0,0,0,0,2.9341917,0,35.763889,131.17482,118.91421,122.14703,635.9632,588.77856,,,,3.8055632,390.44522,180.86148,,,,-.38921738,4.8343225,-.26955888,0,.62950325,0,12,1,1,3,9,6.5,1,3,2,7,11,,10,,0,28,72,57,36,7
2013,Bois Forte,Bois Forte Reservation,86,R,Bois Forte Band of Chippewa,22.125452,16.153114,349261,259503,.69767433,.22222222,1.3998327,.70215845,1.1592369e-11,0,.69767433,107.66177,163.80669,279.8251,114.82739,2.0442944,1.522193,.11274216,.5584662,.2060665,.31070444,.071046881,.041695278,170.82504,220.14426,246.10498,16.989559,1.5036138,6.9546702e-10,.18093015,.12411853,.4986423,.27688378,.20767923,.11003927,.014079258,210.10277,255.72041,276.25183,13.898079,1.4023361,-.27833655,.24179278,.098850906,.63151497,.1195942,.4365046,.023434754,.075416148,122.86449,176.70358,209.29378,20.764448,1.6272802,.33986616,.10661311,.081345603,.5121603,.1799643,.23593025,.044105411,.0018471254,174.93257,238.03322,265.6413,12.412881,1.4365072,-.11446296,.16545573,0,0,0,0,3.1437767,1.0433131e-10,0,0,0,0,0,0,0,0,0,0,0,0,99.050858,147.38895,120.74384,131.13425,180.31685,158.28902,253.79089,304.31879,296.06876,112.9169,164.47255,128.91692,1.6920812,2.1018953,2.0090652,-.33625486,2.1146693,-.16761272,0,0,0,12,2,2,3,10,9.5,2,6,2,7,7,8,11,10,0,50,50,56,37,7
2014,Bois Forte,Bois Forte Reservation,86,R,Bois Forte Band of Chippewa,22.125452,16.153114,349261,259503,.95617753,.29414687,1.8846475,.9284699,1.1592369e-11,0,.95617753,77.602592,160.989,294.01422,26.83956,2.169004,2.556983,.14917329,.58581603,.23326772,.29651099,.093135968,.056037318,169.09805,223.2364,237.77991,10.806197,1.4223517,1.3224108e-10,.23537487,.1548647,.53177434,.30802298,.19823626,.1293496,.025515107,209.7149,258.0687,273.70966,9.0229177,1.3640947,-.27881455,.28396159,.14222372,.65180427,.14198691,.41651052,.048916884,.093306825,119.50237,180.70401,193.90744,12.983691,1.4934872,.34044987,.17604747,.11941184,.54117668,.20257875,.22597989,.065413721,.021956054,173.32027,240.6362,254.02663,8.0444069,1.3888881,-.1487809,.22529462,0,2.0781295,0,0,2.3057678,1.0433131e-10,0,0,0,0,0,0,0,0,0,0,2.0781295,0,67.505554,108.66466,97.762947,131.1803,175.20818,153.18034,263.14584,342.25034,313.70151,3.8055632,43.83342,35.91674,1.5683414,2.5239711,2.2471421,-.26971072,5.0416675,-.20399784,0,.33152384,0,12,1,1,2,10,9.5,1,6,1,5,6,10,10,10,0,49,51,51,40,10
2015,Bois Forte,Bois Forte Reservation,86,R,Bois Forte Band of Chippewa,22.125452,16.153114,349261,259503,.95617753,.29414687,1.8846475,.9284699,1.1592369e-11,0,.95617753,76.967171,172.55876,284.88611,26.83956,2.1887753,3.144763,.1571209,.5579595,.22679776,.27366361,.099622801,.05749809,172.20628,229.06659,234.30888,10.534803,1.3604409,4.6666238e-10,.26617271,.16920049,.51001132,.30203423,.17795667,.13918005,.030020433,214.48586,265.24478,278.92871,8.7821188,1.353738,-.2660127,.3238478,.14237095,.61650711,.13492937,.39052776,.051320944,.091050014,120.5803,184.89079,179.8253,12.67494,1.3686256,.32481799,.19574787,.13152398,.51399022,.20070736,.20140466,.07495261,.026161147,178.49532,248.6633,253.5575,7.9022145,1.3498224,-.15025853,.26232243,0,2.0781295,0,0,2.3057678,1.0433131e-10,0,0,0,0,0,0,0,0,0,0,2.0781295,0,64.841148,104.33337,93.756256,127.19451,199.22238,177.19455,256.94473,324.25034,307.5004,3.8055632,43.83342,35.91674,1.7478588,2.514262,2.3144944,-.37391058,6.3777771,-.31240284,0,.33152384,0,12,1,1,2,10,10,1,7,1,5,5,10,10,11,0,49,51,49,41,10
2016,Bois Forte,Bois Forte Reservation,86,R,Bois Forte Band of Chippewa,22.125452,16.153114,349261,259503,1.3598602,.44444445,1.3598602,0,1.1592369e-11,0,1.3598602,66.533859,184.65605,454.38455,56.824013,2.6791291,3.4107037,.17349893,.54536021,.23544866,.24874178,.11232919,.061169744,180.23764,249.16425,248.77882,13.291072,1.3652824,6.7520856e-10,.30411661,.1917012,.51860923,.31794,.16105661,.15208855,.039612651,222.11203,277.70114,285.78854,8.1988544,1.3164439,-.22413506,.36608848,.15127282,.57802474,.13472164,.35581079,.063780524,.087492295,129.10641,214.31894,196.17691,19.508986,1.4347159,.2736828,.22844511,.15205732,.51103741,.20528212,.18031928,.091876112,.032526162,180.67175,262.80194,265.64154,7.4830885,1.2960076,-.12348117,.30563268,0,2.3057678,0,0,2.3057678,1.0433131e-10,0,0,0,0,0,0,0,0,0,0,2.3057678,0,2.5468633,152.73032,34.539597,160.67802,211.20592,201.73175,454.38455,454.38455,454.38455,2.5468633,77.444595,34.509548,2.6791291,2.6791291,2.6791291,-.64233327,6.2630491,.010176678,0,1,0,12,1,1,10,10,10,1,5,1,4,3,9,9,9,0,0,100,46,43,11
2017,Bois Forte,Bois Forte Reservation,86,R,Bois Forte Band of Chippewa,22.125452,16.153114,349261,259503,1.4809649,.55555558,1.4809649,0,1.1592369e-11,1.1592369e-11,1.4809649,62.723179,708.32031,500.77258,115.72056,.17374165,3.5431345,.20028403,.54869336,.25461191,.22409937,.12974453,.070539512,177.0968,266.64069,242.41585,16.556353,1.3080291,3.0665989e-10,.34396562,.21748964,.53602523,.34291685,.14553605,.16980168,.047687959,220.6983,274.22,282.50162,8.1945629,1.2935365,-.21263325,.3981843,.17927492,.56416196,.14678609,.32003006,.08083225,.098442666,123.85667,257.38586,186.69583,26.766617,1.3283236,.2596384,.27776128,.17801599,.51884514,.22063032,.16179247,.11087692,.037836995,176.18246,264.85056,261.42206,7.5126877,1.2527828,-.12336726,.36346814,0,2.3057678,1.0433131e-10,0,2.3057678,1.0433131e-10,0,0,0,0,0,0,0,0,0,0,2.3057678,0,2.3703847,121.4697,33.194508,689.20178,741.44543,699.13977,121.4697,691.64624,689.20178,2.3703847,262.25052,33.194508,.17374165,.17374165,.17374165,-.53807211,5.9706464,-.074398518,0,1,1,12,1,1,11,10,10,1,6,1,4,12,11,10,1,0,0,100,41,46,13
2018,Bois Forte,Bois Forte Reservation,86,R,Bois Forte Band of Chippewa,22.125452,16.153114,349261,259503,2.5116479,.55555558,2.5116479,0,1.1592369e-11,1.1592369e-11,2.5116479,58.223663,246.01746,154.80725,26.1161,.64478666,6.4410267,.1833386,.52262598,.2458825,.21444264,.12103772,.062300872,197.41147,266.34604,262.4071,10.180117,1.2756855,-1.2414926e-09,.33501783,.20287231,.50874692,.3343398,.1365796,.16504481,.037827495,249.97003,309.05048,318.38602,8.2889967,1.3295362,-.21803889,.39469829,.15948673,.53957325,.13787062,.30951822,.067302339,.09218438,133.23422,214.20126,181.24086,12.489292,1.1973439,.26623899,.26214433,.15950859,.48326793,.21080883,.15286888,.10507996,.03095335,204.42227,284.43594,291.12512,7.6084881,1.2703981,-.14475809,.3529003,0,2.3057678,1.0433131e-10,0,2.3057678,1.0433131e-10,0,0,0,0,0,0,0,0,0,0,2.3057678,0,3.2768261,108.21772,77.454094,222.83661,255.3231,244.7953,154.77391,167.91283,163.77393,3.2768261,42.222305,33.194508,.64514285,.66656959,.66356814,-.39390433,6.1607075,-.2544125,0,1,1,12,1,1,10.5,10,9,1,4,1,3,7,3,10,1,0,0,100,41,47,12
2012,Fond du Lac,Fond du Lac Reservation,86,R,Fond du Lac Band of Lake Superior Chippewa,278.3241,216.09239,349261,259503,.31765294,.40463844,.46906406,.01133806,.14007305,0,.31765294,84.289467,289.56873,,85.473465,,.69957364,.0386969,.5348947,.19158287,.30461493,0,.0386969,165.04706,245.78123,,35.264988,,-6.5270100e-10,.054010592,.016329851,.48531702,.25363493,.21535224,0,.016329851,202.43025,251.13664,,17.787479,,-.43156007,.03597733,.066008456,.59543216,.11581349,.41361022,0,.066008456,119.39986,239.24196,,56.606106,,.52696162,.076030329,.0016955917,.49562806,.16701594,.23368755,0,.0016955917,168.67125,242.06996,,12.500026,,-.17660937,.0041277604,0,.89922535,3.1424339e-08,2.4095839e-18,1.1076642,.31958386,0,.00058657565,0,2.4095839e-18,.21946107,.046352409,0,0,0,0,.89922535,3.1424339e-08,22.62208,140.62482,116.47951,148.43895,458.73788,283.14084,,,,7.5555706,145.58363,19.194483,,,,-.4814454,2.0930665,.51531792,0,.86531538,.0063252929,12,4,6,9,4,6.5,4,2,5,6,7,,9,,30,2,68,57,36,7
2013,Fond du Lac,Fond du Lac Reservation,86,R,Fond du Lac Band of Lake Superior Chippewa,278.3241,216.09239,349261,259503,.34370947,.39145112,.51978922,.021195414,.15896872,.0040843426,.33962512,86.805702,172.13013,172.73083,22.677397,1.2615449,.72391993,.11274216,.5584662,.2060665,.31070444,.071046881,.041695278,170.82504,220.14426,246.10498,16.989559,1.5036138,6.9546702e-10,.18093015,.12411853,.4986423,.27688378,.20767923,.11003927,.014079258,210.10277,255.72041,276.25183,13.898079,1.4023361,-.27833655,.24179278,.098850906,.63151497,.1195942,.4365046,.023434754,.075416148,122.86449,176.70358,209.29378,20.764448,1.6272802,.33986616,.10661311,.081345603,.5121603,.1799643,.23593025,.044105411,.0018471254,174.93257,238.03322,265.6413,12.412881,1.4365072,-.11446296,.16545573,0,.99976754,6.8759637e-10,2.4095839e-18,1.3092093,.31958386,0,.0015392649,0,2.4095839e-18,.29630557,.096984379,0,.0003798113,0,0,.98037207,6.8759637e-10,31.424301,135.5148,118.47927,158.99384,187.57982,173.06537,158.86115,185.50009,175.16673,7.2500138,31.833399,20.166706,1.1509145,1.3952165,1.2273297,-.26106462,2.1800985,.2295641,0,.84138656,.011554497,12,4,6,7,4,4,4,3,5,4,8,3,6,3,31,4,65,56,37,7
2014,Fond du Lac,Fond du Lac Reservation,86,R,Fond du Lac Band of Lake Superior Chippewa,278.3241,216.09239,349261,259503,.3902595,.41102487,.54134607,.022511832,.14228009,.013705315,.37655416,79.499573,148.1498,134.25075,19.902575,1.0005,.80984861,.14917329,.58581603,.23326772,.29651099,.093135968,.056037318,169.09805,223.2364,237.77991,10.806197,1.4223517,1.3224108e-10,.23537487,.1548647,.53177434,.30802298,.19823626,.1293496,.025515107,209.7149,258.0687,273.70966,9.0229177,1.3640947,-.27881455,.28396159,.14222372,.65180427,.14198691,.41651052,.048916884,.093306825,119.50237,180.70401,193.90744,12.983691,1.4934872,.34044987,.17604747,.11941184,.54117668,.20257875,.22597989,.065413721,.021956054,173.32027,240.6362,254.02663,8.0444069,1.3888881,-.1487809,.22529462,0,1.154286,6.9741840e-10,2.4095839e-18,1.3630373,.3195838,0,.0016616812,0,2.4095839e-18,.23630987,.048350912,0,.0007094621,0,0,1.0915009,6.9741840e-10,24.497566,127.37253,114.91376,134.35594,166.63667,150.44658,116.91406,157.26929,136.73659,7.2723355,30.648211,20.172966,.93988693,1.0980365,1.0001273,-.38247725,2.6927142,.077858053,0,.88107646,.012110108,12,3,6,7,4,4,2,5,4,6,4,3,8,3,26,4,70,51,40,10
2015,Fond du Lac,Fond du Lac Reservation,86,R,Fond du Lac Band of Lake Superior Chippewa,278.3241,216.09239,349261,259503,.39114362,.41477928,.51044178,.02386608,.11002152,.014589433,.37655416,80.76265,152.89986,139.50928,19.902575,1.0185572,.91020715,.1571209,.5579595,.22679776,.27366361,.099622801,.05749809,172.20628,229.06659,234.30888,10.534803,1.3604409,4.6666238e-10,.26617271,.16920049,.51001132,.30203423,.17795667,.13918005,.030020433,214.48586,265.24478,278.92871,8.7821188,1.353738,-.2660127,.3238478,.14237095,.61650711,.13492937,.39052776,.051320944,.091050014,120.5803,184.89079,179.8253,12.67494,1.3686256,.32481799,.19574787,.13152398,.51399022,.20070736,.20140466,.07495261,.026161147,178.49532,248.6633,253.5575,7.9022145,1.3498224,-.15025853,.26232243,0,1.1581475,6.9741840e-10,3.2127786e-18,1.3300976,.1561897,0,.0017690869,0,3.2127786e-18,.1783624,.052075565,0,.00072558032,0,0,1.0915009,6.9741840e-10,22.872379,130.01224,118.26787,141.12088,169.27786,153.6067,123.11118,159.33342,142.67281,7.2723355,30.648211,20.172966,.94630831,1.1238258,1.012531,-.52255958,3.303905,.053865455,0,.9044559,.009110162,12,2,5,6,4,4,2,4,4,6,4,2,8,2,22,5,74,49,41,10
2016,Fond du Lac,Fond du Lac Reservation,86,R,Fond du Lac Band of Lake Superior Chippewa,278.3241,216.09239,349261,259503,.34457991,.40839189,.50004154,.3045783,.15853418,.30765083,.03692906,145.92038,189.26398,190.47969,23.091969,1.2819386,.4429155,.17349893,.54536021,.23544866,.24874178,.11232919,.061169744,180.23764,249.16425,248.77882,13.291072,1.3652824,6.7520856e-10,.30411661,.1917012,.51860923,.31794,.16105661,.15208855,.039612651,222.11203,277.70114,285.78854,8.1988544,1.3164439,-.22413506,.36608848,.15127282,.57802474,.13472164,.35581079,.063780524,.087492295,129.10641,214.31894,196.17691,19.508986,1.4347159,.2736828,.22844511,.15205732,.51103741,.20528212,.18031928,.091876112,.032526162,180.67175,262.80194,265.64154,7.4830885,1.2960076,-.12348117,.30563268,0,1.0315204,5.0191651e-10,4.0159735e-18,1.1524513,.3195838,0,.90545207,4.9209448e-10,4.0159735e-18,.22293457,.064611442,0,.92039156,4.9209448e-10,0,.11112875,9.8220260e-12,130.79201,166.04832,153.37129,186.8461,204.05191,196.54092,186.83432,204.05191,196.54092,7.4692578,35.861187,20.611153,1.3417778,1.4660869,1.3837361,-.64173126,2.1186309,-.17230009,0,.91602308,.0058377581,12,3,5,3,3,1,7,7,6,9,4,5,7,5,32,61,7,46,43,11
2017,Fond du Lac,Fond du Lac Reservation,86,R,Fond du Lac Band of Lake Superior Chippewa,278.3241,216.09239,349261,259503,.37926072,.56675184,.47732154,.32590792,.10153899,.32938609,.04987463,159.32556,263.43454,247.21111,42.935436,1.7973782,.31930119,.20028403,.54869336,.25461191,.22409937,.12974453,.070539512,177.0968,266.64069,242.41585,16.556353,1.3080291,3.0665989e-10,.34396562,.21748964,.53602523,.34291685,.14553605,.16980168,.047687959,220.6983,274.22,282.50162,8.1945629,1.2935365,-.21263325,.3981843,.17927492,.56416196,.14678609,.32003006,.08083225,.098442666,123.85667,257.38586,186.69583,26.766617,1.3283236,.2596384,.27776128,.17801599,.51884514,.22063032,.16179247,.11087692,.037836995,176.18246,264.85056,261.42206,7.5126877,1.2527828,-.12336726,.36346814,0,1.1570282,5.1667259e-10,1.2444699e-38,1.2771816,.023431759,0,.96567756,5.0685056e-10,0,.13700397,9.4447705e-07,0,.98252803,5.0685056e-10,0,.14456223,9.8220260e-12,120.87117,199.25266,167.48764,201.56905,237.95001,217.63417,200.21611,231.93858,215.64091,7.6003938,33.055622,20.611153,1.5996846,1.7249506,1.6577159,-.93493694,2.2923076,-.23385328,0,.99211448,.90592295,12,2,5,3,4,1,7,5,5,9,5,7,7,11,21,68,10,41,46,13
2018,Fond du Lac,Fond du Lac Reservation,86,R,Fond du Lac Band of Lake Superior Chippewa,278.3241,216.09239,349261,259503,.15699148,.50280237,.25901327,.018038338,.10601181,.022028368,.13496311,69.348083,155.59093,157.03281,20.08457,1.1633933,.29040232,.1833386,.52262598,.2458825,.21444264,.12103772,.062300872,197.41147,266.34604,262.4071,10.180117,1.2756855,-1.2414926e-09,.33501783,.20287231,.50874692,.3343398,.1365796,.16504481,.037827495,249.97003,309.05048,318.38602,8.2889967,1.3295362,-.21803889,.39469829,.15948673,.53957325,.13787062,.30951822,.067302339,.09218438,133.23422,214.20126,181.24086,12.489292,1.1973439,.26623899,.26214433,.15950859,.48326793,.21080883,.15286888,.10507996,.03095335,204.42227,284.43594,291.12512,7.6084881,1.2703981,-.14475809,.3529003,0,.511177,7.1400920e-11,0,.56371993,.013530285,0,.0012597159,0,0,.15728985,1.2950586e-06,0,.0014300337,0,0,.40878618,7.1400920e-11,21.579048,125.63844,54.035088,141.28307,172.04384,155.3996,141.4104,172.04384,156.37979,7.5178905,30.812563,20.443457,1.0705029,1.2090243,1.1989452,-.31898379,1.3336319,.00095061463,0,.95611185,.78703207,12,7,8,5,4,5,5,5,6,4,2,4,8,6,41,7,52,41,47,12
2012,Grand Portage,Grand Portage Reservation,86,R,Grand Portage Band of Lake Superior Chippewa,9.1633778,5.9481573,349261,259503,.97368419,.29859337,2.2009373,1.2272531,0,0,.97368419,43.193771,333.33459,,19.787077,,3.4311953,.0386969,.5348947,.19158287,.30461493,0,.0386969,165.04706,245.78123,,35.264988,,-6.5270100e-10,.054010592,.016329851,.48531702,.25363493,.21535224,0,.016329851,202.43025,251.13664,,17.787479,,-.43156007,.03597733,.066008456,.59543216,.11581349,.41361022,0,.066008456,119.39986,239.24196,,56.606106,,.52696162,.076030329,.0016955917,.49562806,.16701594,.23368755,0,.0016955917,168.67125,242.06996,,12.500026,,-.17660937,.0041277604,0,1.5364591,1.3845935,0,3.7615395,2.8412724,0,2.2250805,1.4566787,0,0,0,0,0,0,0,1.5364591,1.3845935,38.586319,50.777882,40.217117,65.839493,864.10254,70.061722,,,,3.1111174,50.777882,5.4722333,,,,.39542335,5.5603151,4.3378472,0,.48731458,.4084655,12,2,2,1,11.5,6.5,2,6,1,1,9,,4,,0,56,44,57,36,7
2013,Grand Portage,Grand Portage Reservation,86,R,Grand Portage Band of Lake Superior Chippewa,9.1633778,5.9481573,349261,259503,0,0,1.2272531,1.2272531,0,0,0,88.431557,88.322273,503.59351,316.80618,5.9543891,.86760318,.11274216,.5584662,.2060665,.31070444,.071046881,.041695278,170.82504,220.14426,246.10498,16.989559,1.5036138,6.9546702e-10,.18093015,.12411853,.4986423,.27688378,.20767923,.11003927,.014079258,210.10277,255.72041,276.25183,13.898079,1.4023361,-.27833655,.24179278,.098850906,.63151497,.1195942,.4365046,.023434754,.075416148,122.86449,176.70358,209.29378,20.764448,1.6272802,.33986616,.10661311,.081345603,.5121603,.1799643,.23593025,.044105411,.0018471254,174.93257,238.03322,265.6413,12.412881,1.4365072,-.11446296,.16545573,0,0,0,0,1.9191549,1.7626045,0,1.9191549,1.7626045,0,0,0,0,0,0,0,0,0,71.78521,119.55758,73.951874,71.78521,119.22974,73.951874,485.92679,536.14911,488.70459,299.13947,349.36182,301.91727,4.4844427,6.8078728,6.5708518,-.16010468,1.4412968,1.3216175,0,0,0,12,11,3,1,12,9.5,11,11,3,5,2,12,12,12,0,100,0,56,37,7
2014,Grand Portage,Grand Portage Reservation,86,R,Grand Portage Band of Lake Superior Chippewa,9.1633778,5.9481573,349261,259503,0,0,1.2272531,1.2272531,0,0,0,142.84483,142.80914,472.93225,106.81503,3.359597,.45884168,.14917329,.58581603,.23326772,.29651099,.093135968,.056037318,169.09805,223.2364,237.77991,10.806197,1.4223517,1.3224108e-10,.23537487,.1548647,.53177434,.30802298,.19823626,.1293496,.025515107,209.7149,258.0687,273.70966,9.0229177,1.3640947,-.27881455,.28396159,.14222372,.65180427,.14198691,.41651052,.048916884,.093306825,119.50237,180.70401,193.90744,12.983691,1.4934872,.34044987,.17604747,.11941184,.54117668,.20257875,.22597989,.065413721,.021956054,173.32027,240.6362,254.02663,8.0444069,1.3888881,-.1487809,.22529462,0,0,0,0,1.9191549,1.7626045,0,1.9191549,1.7626045,0,0,0,0,0,0,0,0,0,126.27208,173.82367,128.43875,126.27208,173.71661,128.43875,455.25629,505.47861,458.06186,89.139069,139.36139,91.944626,2.9066727,3.6275783,3.5445399,-.66247356,1.0856378,.9533608,0,0,0,12,11.5,2,1,12,9.5,11.5,11.5,6,9,3,12,12,12,0,100,0,51,40,10
2015,Grand Portage,Grand Portage Reservation,86,R,Grand Portage Band of Lake Superior Chippewa,9.1633778,5.9481573,349261,259503,0,0,1.2441521,1.2441521,0,0,0,82.721321,82.592628,465.03778,106.81503,5.9145942,.83699906,.1571209,.5579595,.22679776,.27366361,.099622801,.05749809,172.20628,229.06659,234.30888,10.534803,1.3604409,4.6666238e-10,.26617271,.16920049,.51001132,.30203423,.17795667,.13918005,.030020433,214.48586,265.24478,278.92871,8.7821188,1.353738,-.2660127,.3238478,.14237095,.61650711,.13492937,.39052776,.051320944,.091050014,120.5803,184.89079,179.8253,12.67494,1.3686256,.32481799,.19574787,.13152398,.51399022,.20070736,.20140466,.07495261,.026161147,178.49532,248.6633,253.5575,7.9022145,1.3498224,-.15025853,.26232243,0,0,0,0,1.9455811,1.786875,0,1.9455811,1.786875,0,0,0,0,0,0,0,0,0,66.055565,113.88616,68.222229,66.055565,113.5001,68.222229,447.36182,497.58414,450.16739,89.139069,139.36139,91.944626,4.3713818,6.8149805,6.5574203,-.42946169,1.5457461,1.3947127,0,0,0,12,11.5,2,1,12,10,11.5,11.5,5,7,2,12,12,12,0,100,0,49,41,10
2016,Grand Portage,Grand Portage Reservation,86,R,Grand Portage Band of Lake Superior Chippewa,9.1633778,5.9481573,349261,259503,0,0,.73635191,.73635191,0,0,0,56.968174,56.968174,550.4859,316.80618,10.796794,.55525905,.17349893,.54536021,.23544866,.24874178,.11232919,.061169744,180.23764,249.16425,248.77882,13.291072,1.3652824,6.7520856e-10,.30411661,.1917012,.51860923,.31794,.16105661,.15208855,.039612651,222.11203,277.70114,285.78854,8.1988544,1.3164439,-.22413506,.36608848,.15127282,.57802474,.13472164,.35581079,.063780524,.087492295,129.10641,214.31894,196.17691,19.508986,1.4347159,.2736828,.22844511,.15205732,.51103741,.20528212,.18031928,.091876112,.032526162,180.67175,262.80194,265.64154,7.4830885,1.2960076,-.12348117,.30563268,0,0,0,0,1.151493,1.0575627,0,1.151493,1.0575627,0,0,0,0,0,0,0,0,0,40.431103,87.875641,42.597775,40.431103,87.875641,42.597775,532.82843,583.02301,535.60626,299.13947,349.36182,301.91727,6.6346374,13.247382,12.508363,-.28428215,1.023674,.92638534,0,0,0,12,11.5,3,2,12,10,11.5,11.5,5,2,2,10,12,10,0,100,0,46,43,11
2017,Grand Portage,Grand Portage Reservation,86,R,Grand Portage Band of Lake Superior Chippewa,9.1633778,5.9481573,349261,259503,0,0,.73635191,.73635191,0,0,0,103.65793,103.65793,788.18335,645.02905,7.9017987,.23190467,.20028403,.54869336,.25461191,.22409937,.12974453,.070539512,177.0968,266.64069,242.41585,16.556353,1.3080291,3.0665989e-10,.34396562,.21748964,.53602523,.34291685,.14553605,.16980168,.047687959,220.6983,274.22,282.50162,8.1945629,1.2935365,-.21263325,.3981843,.17927492,.56416196,.14678609,.32003006,.08083225,.098442666,123.85667,257.38586,186.69583,26.766617,1.3283236,.2596384,.27776128,.17801599,.51884514,.22063032,.16179247,.11087692,.037836995,176.18246,264.85056,261.42206,7.5126877,1.2527828,-.12336726,.36346814,0,0,0,0,1.151493,1.0575627,0,1.151493,1.0575627,0,0,0,0,0,0,0,0,0,87.120857,134.5654,89.287521,87.120857,134.5654,89.287521,747.31073,819.73407,797.50531,627.36237,677.58472,630.14014,5.9265256,9.4091597,8.3697109,-.60685843,.70011908,.60245335,0,0,0,12,11.5,3,2,12,11.5,11.5,11.5,6,6,2,12,12,12,0,100,0,41,46,13
2018,Grand Portage,Grand Portage Reservation,86,R,Grand Portage Band of Lake Superior Chippewa,9.1633778,5.9481573,349261,259503,0,0,.73635191,.73635191,0,0,0,100.0141,99.888565,249.29398,106.81503,2.5585475,.32902995,.1833386,.52262598,.2458825,.21444264,.12103772,.062300872,197.41147,266.34604,262.4071,10.180117,1.2756855,-1.2414926e-09,.33501783,.20287231,.50874692,.3343398,.1365796,.16504481,.037827495,249.97003,309.05048,318.38602,8.2889967,1.3295362,-.21803889,.39469829,.15948673,.53957325,.13787062,.30951822,.067302339,.09218438,133.23422,214.20126,181.24086,12.489292,1.1973439,.26623899,.26214433,.15950859,.48326793,.21080883,.15286888,.10507996,.03095335,204.42227,284.43594,291.12512,7.6084881,1.2703981,-.14475809,.3529003,0,0,0,0,1.151493,1.0575627,0,1.151493,1.0575627,0,0,0,0,0,0,0,0,0,83.351494,131.17264,85.518158,83.351494,130.79604,85.518158,231.62727,281.84961,234.40506,89.139069,139.36139,91.944626,2.1548789,2.8122478,2.7085156,-.49798903,.79118842,.69389045,0,0,0,12,11.5,3,2,12,11,11.5,11.5,5,7,1,10,12,12,0,100,0,41,47,12
2012,Leech Lake,Leech Lake Reservation,86,R,Leech Lake Band of Ojibwe,756.79333,621.15912,349261,259503,.38310921,.32903835,.53960711,.030680131,.12581778,0,.38310921,73.576294,449.89288,,34.644531,,.89905798,.0386969,.5348947,.19158287,.30461493,0,.0386969,165.04706,245.78123,,35.264988,,-6.5270100e-10,.054010592,.016329851,.48531702,.25363493,.21535224,0,.016329851,202.43025,251.13664,,17.787479,,-.43156007,.03597733,.066008456,.59543216,.11581349,.41361022,0,.066008456,119.39986,239.24196,,56.606106,,.52696162,.076030329,.0016955917,.49562806,.16701594,.23368755,0,.0016955917,168.67125,242.06996,,12.500026,,-.17660937,.0041277604,0,.52635366,5.7351940e-07,2.0468813e-35,1.1079727,.073844008,0,.000047667781,0,0,.1921577,.0017302188,0,0,0,0,.52635366,5.7351940e-07,29.670267,113.67612,67.914856,109.77315,626.7085,588.11646,,,,9.5637951,36.361183,18.058029,,,,-.15491027,1.660381,.43487853,0,.78057539,.000012256933,12,3,4,7,5,6.5,3,5,4,3,12,,6,,23,6,71,57,36,7
2013,Leech Lake,Leech Lake Reservation,86,R,Leech Lake Band of Ojibwe,756.79333,621.15912,349261,259503,.39727166,.32942164,.55691826,.030680137,.12896648,0,.39727166,82.117683,160.37575,233.93434,23.090508,1.7421439,.82935363,.11274216,.5584662,.2060665,.31070444,.071046881,.041695278,170.82504,220.14426,246.10498,16.989559,1.5036138,6.9546702e-10,.18093015,.12411853,.4986423,.27688378,.20767923,.11003927,.014079258,210.10277,255.72041,276.25183,13.898079,1.4023361,-.27833655,.24179278,.098850906,.63151497,.1195942,.4365046,.023434754,.075416148,122.86449,176.70358,209.29378,20.764448,1.6272802,.33986616,.10661311,.081345603,.5121603,.1799643,.23593025,.044105411,.0018471254,174.93257,238.03322,265.6413,12.412881,1.4365072,-.11446296,.16545573,0,.5378629,1.5179259e-06,2.0468813e-35,1.1114893,.073844008,0,.000047667781,0,0,.20090879,.0015327615,0,0,0,0,.5378629,1.5179259e-06,33.604588,117.44608,107.0312,119.23339,193.70662,154.26427,211.55908,254.67003,241.1286,9.5874128,34.111179,17.983259,1.5254081,2.0497169,1.784288,-.12747253,1.3526808,.16446018,0,.77151805,.00002794932,12,3,5,6,5,9.5,3,4,4,3,6,6,7,6,23,6,71,56,37,7
2014,Leech Lake,Leech Lake Reservation,86,R,Leech Lake Band of Ojibwe,756.79333,621.15912,349261,259503,.25214511,.4705531,.35739124,2.5162857e-35,.10524613,0,.25214511,69.014229,248.85997,210.35423,19.499149,1.5399936,.55901796,.14917329,.58581603,.23326772,.29651099,.093135968,.056037318,169.09805,223.2364,237.77991,10.806197,1.4223517,1.3224108e-10,.23537487,.1548647,.53177434,.30802298,.19823626,.1293496,.025515107,209.7149,258.0687,273.70966,9.0229177,1.3640947,-.27881455,.28396159,.14222372,.65180427,.14198691,.41651052,.048916884,.093306825,119.50237,180.70401,193.90744,12.983691,1.4934872,.34044987,.17604747,.11941184,.54117668,.20257875,.22597989,.065413721,.021956054,173.32027,240.6362,254.02663,8.0444069,1.3888881,-.1487809,.22529462,5.7388402e-38,.33378226,.00017460453,2.7478366e-17,.65673733,.10957363,0,0,0,0,.15746121,.0013515102,0,0,0,5.7388402e-38,.33378226,.00017460453,20.965387,119.36417,57.266541,196.73871,299.03101,251.13013,155.83937,292.66989,174.56146,7.3889031,28.416723,16.142879,1.1323632,1.9200482,1.2358701,-.2920408,1.0054406,.24188294,3.1225506e-35,.95625424,.53863633,12,5,7,9,5,9.5,5,3,5,4,10,7,7,8,29,0,71,51,40,10
2015,Leech Lake,Leech Lake Reservation,86,R,Leech Lake Band of Ojibwe,756.79333,621.15912,349261,259503,.25401935,.49610302,.34204334,1.1021699e-35,.088970296,.00094630878,.25307304,68.730011,198.29294,199.98996,19.597603,1.3995172,.58725578,.1571209,.5579595,.22679776,.27366361,.099622801,.05749809,172.20628,229.06659,234.30888,10.534803,1.3604409,4.6666238e-10,.26617271,.16920049,.51001132,.30203423,.17795667,.13918005,.030020433,214.48586,265.24478,278.92871,8.7821188,1.353738,-.2660127,.3238478,.14237095,.61650711,.13492937,.39052776,.051320944,.091050014,120.5803,184.89079,179.8253,12.67494,1.3686256,.32481799,.19574787,.13152398,.51399022,.20070736,.20140466,.07495261,.026161147,178.49532,248.6633,253.5575,7.9022145,1.3498224,-.15025853,.26232243,5.7388402e-38,.34086427,.00022723085,9.0936372e-20,.62929815,.085302636,0,0,0,0,.13781933,.000099122073,0,5.0194151e-16,0,5.7388402e-38,.33378226,.00022723085,20.054295,122.72205,46.545643,159.19452,245.38899,184.09735,161.22226,244.33344,183.93063,7.3889031,28.416723,16.251015,1.1284517,1.5989583,1.2107037,-.43943006,1.070343,.11541922,1.3821699e-34,.99988413,.72248721,12,4,7,8,6,6,3,3,6,4,8,7,7,6,26,0,74,49,41,10
2016,Leech Lake,Leech Lake Reservation,86,R,Leech Lake Band of Ojibwe,756.79333,621.15912,349261,259503,.28028461,.55299532,.34073585,3.4070027e-07,.087978333,.02752742,.25275719,61.991077,200.87303,173.79318,26.866184,1.1246359,.65083504,.17349893,.54536021,.23544866,.24874178,.11232919,.061169744,180.23764,249.16425,248.77882,13.291072,1.3652824,6.7520856e-10,.30411661,.1917012,.51860923,.31794,.16105661,.15208855,.039612651,222.11203,277.70114,285.78854,8.1988544,1.3164439,-.22413506,.36608848,.15127282,.57802474,.13472164,.35581079,.063780524,.087492295,129.10641,214.31894,196.17691,19.508986,1.4347159,.2736828,.22844511,.15205732,.51103741,.20528212,.18031928,.091876112,.032526162,180.67175,262.80194,265.64154,7.4830885,1.2960076,-.12348117,.30563268,5.7388402e-38,.54754597,.0025563636,3.3037163e-27,.65991002,.053708319,0,0,0,0,.15783291,1.3819977e-06,0,.0032962447,0,5.7388402e-38,.33378226,.00022771543,19.361149,116.94782,39.929817,168.34601,227.74948,195.62384,131.95096,208.67731,162.51018,7.3889031,28.416723,16.251007,.92395043,1.3969573,.98787248,-.23122455,1.2227199,.08776468,7.2931327e-24,.99996811,.87459874,12,4,7,7,6,5,2,3,4,3,5,4,8,4,26,0,74,46,43,11
2017,Leech Lake,Leech Lake Reservation,86,R,Leech Lake Band of Ojibwe,756.79333,621.15912,349261,259503,.31287333,.6821509,.34863922,4.5051078e-07,.058119535,.0223541,.29051924,41.302311,491.88635,307.72119,20.059059,1.2949631,.71288812,.20028403,.54869336,.25461191,.22409937,.12974453,.070539512,177.0968,266.64069,242.41585,16.556353,1.3080291,3.0665989e-10,.34396562,.21748964,.53602523,.34291685,.14553605,.16980168,.047687959,220.6983,274.22,282.50162,8.1945629,1.2935365,-.21263325,.3981843,.17927492,.56416196,.14678609,.32003006,.08083225,.098442666,123.85667,257.38586,186.69583,26.766617,1.3283236,.2596384,.27776128,.17801599,.51884514,.22063032,.16179247,.11087692,.037836995,176.18246,264.85056,261.42206,7.5126877,1.2527828,-.12336726,.36346814,5.5019400e-23,.57948267,.020229451,3.6057903e-11,.69250399,.059371777,0,0,0,0,.03134805,2.2058078e-21,0,.0023770158,0,1.7628175e-23,.53399569,.014782291,13.916694,47.277874,24.702696,484.53568,546.23029,518.82739,143.36087,504.98016,193.11267,6.8231783,25.166718,13.652805,1.0007637,1.3698577,1.0469196,-.080235161,1.4689413,.075198159,.0060116788,1,.94882512,12,4,7,7,6,6,2,2,3,1,9,10,5,6,17,0,83,41,46,13
2018,Leech Lake,Leech Lake Reservation,86,R,Leech Lake Band of Ojibwe,756.79333,621.15912,349261,259503,.26799926,.6540162,.30372193,1.1008750e-35,.054346643,.018623967,.24937531,57.12479,226.65556,164.70094,17.791328,1.0849648,.57615048,.1833386,.52262598,.2458825,.21444264,.12103772,.062300872,197.41147,266.34604,262.4071,10.180117,1.2756855,-1.2414926e-09,.33501783,.20287231,.50874692,.3343398,.1365796,.16504481,.037827495,249.97003,309.05048,318.38602,8.2889967,1.3295362,-.21803889,.39469829,.15948673,.53957325,.13787062,.30951822,.067302339,.09218438,133.23422,214.20126,181.24086,12.489292,1.1973439,.26623899,.26214433,.15950859,.48326793,.21080883,.15286888,.10507996,.03095335,204.42227,284.43594,291.12512,7.6084881,1.2703981,-.14475809,.3529003,5.5019400e-23,.43453798,.011711536,8.6331003e-12,.54658735,.046835609,0,0,0,0,.03134805,2.2015654e-21,0,.0020918236,0,1.7628175e-23,.38607153,.0040885634,13.916694,110.12226,34.435165,191.86917,253.97029,220.21645,131.3262,175.12717,155.82625,6.8230157,25.166718,14.138917,.91776019,1.1237578,.95952529,-.35540649,1.1608649,.047954272,.0058699092,1,.85890341,12,3,7,8,6,6,2,3,4,2,6,5,6,5,18,0,82,41,47,12
2012,Lower Sioux,Lower Sioux Indian Community,95,R,Lower Sioux Indian Community,1.757772,.93747878,349261,259503,.000028345477,.0081060305,.003496838,0,.0034684928,0,.000028345477,113.57876,386.92822,,15.750031,,-.21278143,.0386969,.5348947,.19158287,.30461493,0,.0386969,165.04706,245.78123,,35.264988,,-6.5270100e-10,.054010592,.016329851,.48531702,.25363493,.21535224,0,.016329851,202.43025,251.13664,,17.787479,,-.43156007,.03597733,.066008456,.59543216,.11581349,.41361022,0,.066008456,119.39986,239.24196,,56.606106,,.52696162,.076030329,.0016955917,.49562806,.16701594,.23368755,0,.0016955917,168.67125,242.06996,,12.500026,,-.17660937,.0041277604,.000028345477,.000028345477,.000028345477,.003496838,.003496838,.003496838,0,0,0,.0034684928,.0034684928,.0034684928,0,0,0,.000028345477,.000028345477,.000028345477,113.57876,113.57876,113.57876,386.92822,386.92822,386.92822,,,,15.750031,15.750031,15.750031,,,,-.21278143,-.21278143,-.21278143,.0081060305,.0081060305,.0081060305,12,11,11,11.5,7,6.5,11,10,10,9,10,,2,,99,0,1,57,36,7
2013,Lower Sioux,Lower Sioux Indian Community,95,R,Lower Sioux Indian Community,1.757772,.93747878,349261,259503,0,0,.007300206,.000053991385,.0072462144,0,0,118.36437,93.070877,211.55571,37.027851,1.7873259,-.14761125,.11274216,.5584662,.2060665,.31070444,.071046881,.041695278,170.82504,220.14426,246.10498,16.989559,1.5036138,6.9546702e-10,.18093015,.12411853,.4986423,.27688378,.20767923,.11003927,.014079258,210.10277,255.72041,276.25183,13.898079,1.4023361,-.27833655,.24179278,.098850906,.63151497,.1195942,.4365046,.023434754,.075416148,122.86449,176.70358,209.29378,20.764448,1.6272802,.33986616,.10661311,.081345603,.5121603,.1799643,.23593025,.044105411,.0018471254,174.93257,238.03322,265.6413,12.412881,1.4365072,-.11446296,.16545573,0,0,0,.007300206,.007300206,.007300206,.000053991385,.000053991385,.000053991385,.0072462144,.0072462144,.0072462144,0,0,0,0,0,0,118.36437,118.36437,118.36437,93.070877,93.070877,93.070877,211.55571,211.55571,211.55571,37.027851,37.027851,37.027851,1.7873259,1.7873259,1.7873259,-.14761125,-.14761125,-.14761125,0,0,0,12,11,11,10,7,9.5,11,11,10,9,3,5,8,7,99,1,0,56,37,7
2014,Lower Sioux,Lower Sioux Indian Community,95,R,Lower Sioux Indian Community,1.757772,.93747878,349261,259503,.000027615379,.00033667922,.082022816,0,.081995204,0,.000027615379,123.84586,188.73563,146.20197,15.786184,1.1801687,-.2987223,.14917329,.58581603,.23326772,.29651099,.093135968,.056037318,169.09805,223.2364,237.77991,10.806197,1.4223517,1.3224108e-10,.23537487,.1548647,.53177434,.30802298,.19823626,.1293496,.025515107,209.7149,258.0687,273.70966,9.0229177,1.3640947,-.27881455,.28396159,.14222372,.65180427,.14198691,.41651052,.048916884,.093306825,119.50237,180.70401,193.90744,12.983691,1.4934872,.34044987,.17604747,.11941184,.54117668,.20257875,.22597989,.065413721,.021956054,173.32027,240.6362,254.02663,8.0444069,1.3888881,-.1487809,.22529462,.000027615379,.000027615379,.000027615379,.082022816,.082022816,.082022816,0,0,0,.081995204,.081995204,.081995204,0,0,0,.000027615379,.000027615379,.000027615379,123.84586,123.84586,123.84586,188.73563,188.73563,188.73563,146.20197,146.20197,146.20197,15.786184,15.786184,15.786184,1.1801687,1.1801687,1.1801687,-.2987223,-.2987223,-.2987223,.00033667922,.00033667922,.00033667922,12,10,10,11,6,9.5,10,10,10,8,8,4,4,4,100,0,0,51,40,10
2015,Lower Sioux,Lower Sioux Indian Community,95,R,Lower Sioux Indian Community,1.757772,.93747878,349261,259503,.000042756892,.0004672108,.091515206,0,.091472447,0,.000042756892,109.23841,191.56956,154.6946,15.852427,1.4155535,-.32253188,.1571209,.5579595,.22679776,.27366361,.099622801,.05749809,172.20628,229.06659,234.30888,10.534803,1.3604409,4.6666238e-10,.26617271,.16920049,.51001132,.30203423,.17795667,.13918005,.030020433,214.48586,265.24478,278.92871,8.7821188,1.353738,-.2660127,.3238478,.14237095,.61650711,.13492937,.39052776,.051320944,.091050014,120.5803,184.89079,179.8253,12.67494,1.3686256,.32481799,.19574787,.13152398,.51399022,.20070736,.20140466,.07495261,.026161147,178.49532,248.6633,253.5575,7.9022145,1.3498224,-.15025853,.26232243,.000042756892,.000042756892,.000042756892,.091515206,.091515206,.091515206,0,0,0,.091472447,.091472447,.091472447,0,0,0,.000042756892,.000042756892,.000042756892,109.23841,109.23841,109.23841,191.56956,191.56956,191.56956,154.6946,154.6946,154.6946,15.852427,15.852427,15.852427,1.4155535,1.4155535,1.4155535,-.32253188,-.32253188,-.32253188,.0004672108,.0004672108,.0004672108,12,10,10,10.5,5,10,10,10,9,9,6,4,3,7,100,0,0,49,41,10
2016,Lower Sioux,Lower Sioux Indian Community,95,R,Lower Sioux Indian Community,1.757772,.93747878,349261,259503,.000027464332,.0002447372,.11221968,0,.11219222,0,.000027464332,134.79095,401.72821,,15.777523,,-.44130489,.17349893,.54536021,.23544866,.24874178,.11232919,.061169744,180.23764,249.16425,248.77882,13.291072,1.3652824,6.7520856e-10,.30411661,.1917012,.51860923,.31794,.16105661,.15208855,.039612651,222.11203,277.70114,285.78854,8.1988544,1.3164439,-.22413506,.36608848,.15127282,.57802474,.13472164,.35581079,.063780524,.087492295,129.10641,214.31894,196.17691,19.508986,1.4347159,.2736828,.22844511,.15205732,.51103741,.20528212,.18031928,.091876112,.032526162,180.67175,262.80194,265.64154,7.4830885,1.2960076,-.12348117,.30563268,.000027464332,.000027464332,.000027464332,.11221968,.11221968,.11221968,0,0,0,.11219222,.11219222,.11219222,0,0,0,.000027464332,.000027464332,.000027464332,134.79095,134.79095,134.79095,401.72821,401.72821,401.72821,,,,15.777523,15.777523,15.777523,,,,-.44130489,-.44130489,-.44130489,.0002447372,.0002447372,.0002447372,12,10,9,10,5,10,10,10,10,8,12,,3,,100,0,0,46,43,11
2017,Lower Sioux,Lower Sioux Indian Community,95,R,Lower Sioux Indian Community,1.757772,.93747878,349261,259503,.000048037073,.00058615085,.081953429,5.6021845e-25,.081926435,.000021041382,.000026995693,106.27885,215.49075,139.25003,15.750031,1.3099694,-.38291943,.20028403,.54869336,.25461191,.22409937,.12974453,.070539512,177.0968,266.64069,242.41585,16.556353,1.3080291,3.0665989e-10,.34396562,.21748964,.53602523,.34291685,.14553605,.16980168,.047687959,220.6983,274.22,282.50162,8.1945629,1.2935365,-.21263325,.3981843,.17927492,.56416196,.14678609,.32003006,.08083225,.098442666,123.85667,257.38586,186.69583,26.766617,1.3283236,.2596384,.27776128,.17801599,.51884514,.22063032,.16179247,.11087692,.037836995,176.18246,264.85056,261.42206,7.5126877,1.2527828,-.12336726,.36346814,.000048037073,.000048037073,.000048037073,.081953429,.081953429,.081953429,5.6021845e-25,5.6021845e-25,5.6021845e-25,.081926435,.081926435,.081926435,.000021041382,.000021041382,.000021041382,.000026995693,.000026995693,.000026995693,106.27885,106.27885,106.27885,215.49075,215.49075,215.49075,139.25003,139.25003,139.25003,15.750031,15.750031,15.750031,1.3099694,1.3099694,1.3099694,-.38291943,-.38291943,-.38291943,.00058615085,.00058615085,.00058615085,12,10,10,9,5,8,10,10,9,7,3,3,2,8,100,0,0,41,46,13
2018,Lower Sioux,Lower Sioux Indian Community,95,R,Lower Sioux Indian Community,1.757772,.93747878,349261,259503,.000048037073,.00049477082,.097089544,2.7602549e-25,.09706255,.000021041382,.000026995693,125.03564,176.97227,165.50003,15.750031,1.3233939,-.37966445,.1833386,.52262598,.2458825,.21444264,.12103772,.062300872,197.41147,266.34604,262.4071,10.180117,1.2756855,-1.2414926e-09,.33501783,.20287231,.50874692,.3343398,.1365796,.16504481,.037827495,249.97003,309.05048,318.38602,8.2889967,1.3295362,-.21803889,.39469829,.15948673,.53957325,.13787062,.30951822,.067302339,.09218438,133.23422,214.20126,181.24086,12.489292,1.1973439,.26623899,.26214433,.15950859,.48326793,.21080883,.15286888,.10507996,.03095335,204.42227,284.43594,291.12512,7.6084881,1.2703981,-.14475809,.3529003,.000048037073,.000048037073,.000048037073,.097089544,.097089544,.097089544,2.7602549e-25,2.7602549e-25,2.7602549e-25,.09706255,.09706255,.09706255,.000021041382,.000021041382,.000021041382,.000026995693,.000026995693,.000026995693,125.03564,125.03564,125.03564,176.97227,176.97227,176.97227,165.50003,165.50003,165.50003,15.750031,15.750031,15.750031,1.3233939,1.3233939,1.3233939,-.37966445,-.37966445,-.37966445,.00049477082,.00049477082,.00049477082,12,10,10,7,5,7,10,10,10,9,4,6,3,9,100,0,0,41,47,12
2012,Mille Lacs,Mille Lacs Reservation,86,R,Mille Lacs Band of Ojibwe,6.3309603,4.5300708,349261,259503,.28096899,.43671861,1.4630591,1.18209,4.1348777e-08,0,.28096899,52.681221,262.91162,,30.623077,,2.3456547,.0386969,.5348947,.19158287,.30461493,0,.0386969,165.04706,245.78123,,35.264988,,-6.5270100e-10,.054010592,.016329851,.48531702,.25363493,.21535224,0,.016329851,202.43025,251.13664,,17.787479,,-.43156007,.03597733,.066008456,.59543216,.11581349,.41361022,0,.066008456,119.39986,239.24196,,56.606106,,.52696162,.076030329,.0016955917,.49562806,.16701594,.23368755,0,.0016955917,168.67125,242.06996,,12.500026,,-.17660937,.0041277604,.018398173,.47444975,.11804181,.47444975,2.7890661,.85537565,0,2.7576694,0,0,3.1030640e-11,9.3116077e-29,0,0,0,.018398173,.47444975,.11804181,8.8889074,64.793648,62.723186,65.006157,382.55597,380.11154,,,,8.8889074,12.194468,9.3889084,,,,1.4426992,4.0170178,1.9794304,.0066362834,1,.041047867,12,5,3,2,8,6.5,5,1,3,2,5,,5,,0,81,19,57,36,7
2013,Mille Lacs,Mille Lacs Off-Reservation Trust Land,OT,T,Mille Lacs Band of Ojibwe,6.3309603,4.5300708,349261,259503,1.3632809,.65361673,2.2885447,.92524248,.000021176882,4.0009486e-08,1.3632809,41.151939,137.67389,178.21596,12.119072,1.8725994,3.1738725,.11274216,.5584662,.2060665,.31070444,.071046881,.041695278,170.82504,220.14426,246.10498,16.989559,1.5036138,6.9546702e-10,.18093015,.12411853,.4986423,.27688378,.20767923,.11003927,.014079258,210.10277,255.72041,276.25183,13.898079,1.4023361,-.27833655,.24179278,.098850906,.63151497,.1195942,.4365046,.023434754,.075416148,122.86449,176.70358,209.29378,20.764448,1.6272802,.33986616,.10661311,.081345603,.5121603,.1799643,.23593025,.044105411,.0018471254,174.93257,238.03322,265.6413,12.412881,1.4365072,-.11446296,.16545573,.62627369,2.3639839,1.1290957,.62630051,4.4941888,1.1291665,0,2.1302047,0,0,.000050377399,4.3034582e-28,0,3.0798079e-11,0,.62627369,2.3639839,1.1290954,8.8947229,37.488342,35.086391,73.507431,182.69456,180.22235,141.79446,223.80571,157.71117,4.4444537,8.8889074,6.4166799,.98120123,3.0446677,1.023505,1.5562105,5.6379008,2.3875356,.52232319,.99993736,.52717072,12,1,1,2,9,6,1,1,1,1,4,4,1,8,0,40,60,56,37,7
2014,Mille Lacs,Mille Lacs Reservation,86,R,Mille Lacs Band of Ojibwe,6.3309603,4.5300708,349261,259503,.34023473,.4160746,1.2067698,.85670608,.0098290415,5.2788089e-08,.3402347,56.001431,148.90778,187.30556,24.416716,2.0607123,1.3952221,.14917329,.58581603,.23326772,.29651099,.093135968,.056037318,169.09805,223.2364,237.77991,10.806197,1.4223517,1.3224108e-10,.23537487,.1548647,.53177434,.30802298,.19823626,.1293496,.025515107,209.7149,258.0687,273.70966,9.0229177,1.3640947,-.27881455,.28396159,.14222372,.65180427,.14198691,.41651052,.048916884,.093306825,119.50237,180.70401,193.90744,12.983691,1.4934872,.34044987,.17604747,.11941184,.54117668,.20257875,.22597989,.065413721,.021956054,173.32027,240.6362,254.02663,8.0444069,1.3888881,-.1487809,.22529462,0,.62627369,0,.64381069,1.9724118,1.1567509,2.0989848e-12,1.9724118,8.9446026e-08,4.1403780e-22,.023610841,7.6675422e-09,0,3.2897064e-11,0,0,.62627369,0,12.174611,70.49054,67.768311,70.101646,204.52626,202.05403,146.6503,225.47238,190.75497,8.8889074,34.388958,29.055613,1.1345025,3.2163637,1.2814193,1.4256096,1.5909439,1.5763619,0,.97276062,0,12,4,3,3,8,6,3,4,2,2,5,6,9,9,1,71,28,51,40,10
2015,Mille Lacs,Mille Lacs Off-Reservation Trust Land,OT,T,Mille Lacs Band of Ojibwe,6.3309603,4.5300708,349261,259503,.22682317,.41193965,1.09092,.8552863,.0088105472,4.0009486e-08,.22682312,55.907532,143.2144,181.71043,23.067507,2.106195,1.2662437,.1571209,.5579595,.22679776,.27366361,.099622801,.05749809,172.20628,229.06659,234.30888,10.534803,1.3604409,4.6666238e-10,.26617271,.16920049,.51001132,.30203423,.17795667,.13918005,.030020433,214.48586,265.24478,278.92871,8.7821188,1.353738,-.2660127,.3238478,.14237095,.61650711,.13492937,.39052776,.051320944,.091050014,120.5803,184.89079,179.8253,12.67494,1.3686256,.32481799,.19574787,.13152398,.51399022,.20070736,.20140466,.07495261,.026161147,178.49532,248.6633,253.5575,7.9022145,1.3498224,-.15025853,.26232243,0,.41751578,0,.4332453,1.969143,.77751005,0,1.969143,0,3.3123025e-22,.021164572,6.1340333e-09,0,3.0798079e-11,0,0,.41751578,0,13.079257,68.166679,65.44445,67.777786,184.97241,182.52795,126.50004,233.80574,195.52792,8.8889074,34.388958,29.055613,1.0176537,3.4495924,1.2840209,1.2805774,1.6813699,1.5119147,0,.96369374,0,12,5,3,3,8,7,5,5,2,2,3,5,9,10,1,78,21,49,41,10
2016,Mille Lacs,Mille Lacs Off-Reservation Trust Land,OT,T,Mille Lacs Band of Ojibwe,6.3309603,4.5300708,349261,259503,.22682318,.42857143,1.3596526,1.1328295,5.7352572e-08,5.6013281e-08,.22682312,112.9206,225.19702,159.24132,111.31967,1.117031,1.203185,.17349893,.54536021,.23544866,.24874178,.11232919,.061169744,180.23764,249.16425,248.77882,13.291072,1.3652824,6.7520856e-10,.30411661,.1917012,.51860923,.31794,.16105661,.15208855,.039612651,222.11203,277.70114,285.78854,8.1988544,1.3164439,-.22413506,.36608848,.15127282,.57802474,.13472164,.35581079,.063780524,.087492295,129.10641,214.31894,196.17691,19.508986,1.4347159,.2736828,.22844511,.15205732,.51103741,.20528212,.18031928,.091876112,.032526162,180.67175,262.80194,265.64154,7.4830885,1.2960076,-.12348117,.30563268,0,.41751578,0,.41751578,2.6081364,.75273073,0,2.6081364,0,0,4.3349872e-11,9.3957783e-28,0,4.3117308e-11,0,0,.41751578,0,8.8889074,208.43794,142.88025,208.43794,247.0705,214.24275,140.50009,177.98254,141.72232,8.8889074,180.58371,102.15298,.98949385,1.2445681,.98958981,1.25008,1.5860692,1.3591332,0,1,0,12,5,2,1,9,7,3,6,2,7,8,3,10,3,0,83,17,46,43,11
2017,Mille Lacs,Mille Lacs Off-Reservation Trust Land,OT,T,Mille Lacs Band of Ojibwe,6.3309603,4.5300708,349261,259503,.22682317,.42857125,1.0835294,.85670602,1.7621961e-07,4.0009486e-08,.22682312,55.358692,278.98535,161.86292,127.91692,1.7898967,1.1739724,.20028403,.54869336,.25461191,.22409937,.12974453,.070539512,177.0968,266.64069,242.41585,16.556353,1.3080291,3.0665989e-10,.34396562,.21748964,.53602523,.34291685,.14553605,.16980168,.047687959,220.6983,274.22,282.50162,8.1945629,1.2935365,-.21263325,.3981843,.17927492,.56416196,.14678609,.32003006,.08083225,.098442666,123.85667,257.38586,186.69583,26.766617,1.3283236,.2596384,.27776128,.17801599,.51884514,.22063032,.16179247,.11087692,.037836995,176.18246,264.85056,261.42206,7.5126877,1.2527828,-.12336726,.36346814,0,.41751578,1.3357575e-31,.41751578,1.9724118,.75273156,0,1.9724118,0,0,2.5375738e-10,9.3957783e-28,0,3.0798079e-11,1.3357575e-31,0,.41751578,0,8.8889074,72.418915,69.696686,72.030022,389.55597,387.11154,156.46651,168.75005,161.39995,8.8889074,214.47266,149.1114,1.2236526,2.3427737,1.7813904,1.1168556,1.6633811,1.487027,0,1,6.3593198e-32,12,5,2,1,9,9,3,7,2,2,7,4,11,10,0,79,21,41,46,13
2018,Mille Lacs,Mille Lacs Reservation,86,R,Mille Lacs Band of Ojibwe,6.3309603,4.5300708,349261,259503,.22682317,.42857116,1.0835294,.85670602,2.2610335e-07,4.0009486e-08,.22682312,53.325859,173.06189,185.68004,23.067507,1.8487095,1.2495909,.1833386,.52262598,.2458825,.21444264,.12103772,.062300872,197.41147,266.34604,262.4071,10.180117,1.2756855,-1.2414926e-09,.33501783,.20287231,.50874692,.3343398,.1365796,.16504481,.037827495,249.97003,309.05048,318.38602,8.2889967,1.3295362,-.21803889,.39469829,.15948673,.53957325,.13787062,.30951822,.067302339,.09218438,133.23422,214.20126,181.24086,12.489292,1.1973439,.26623899,.26214433,.15950859,.48326793,.21080883,.15286888,.10507996,.03095335,204.42227,284.43594,291.12512,7.6084881,1.2703981,-.14475809,.3529003,0,.41751578,1.9591110e-31,.41751578,1.9724118,.75273192,0,1.9724118,0,0,3.3613573e-10,9.3957783e-28,0,3.0798079e-11,1.9591110e-31,0,.41751578,0,8.8889074,69.403419,66.68119,69.014526,237.72241,235.25018,165.19772,171.38895,168.58339,8.8889074,34.388958,29.055613,1.1365355,2.4777398,2.0532339,1.1549835,1.7505251,1.573894,0,1,9.3270028e-32,12,4,2,1,9,8,3,6,2,1,3,7,9,11,0,79,21,41,47,12
2012,NA, , , , ,346165.63,257419.56,349261,259503,.036946137,.05218127,.53556287,.19257121,.3060455,0,.036946137,165.70375,245.06842,,34.97546,,-.0055098995,.0386969,.5348947,.19158287,.30461493,0,.0386969,165.04706,245.78123,,35.264988,,-6.5270100e-10,.054010592,.016329851,.48531702,.25363493,.21535224,0,.016329851,202.43025,251.13664,,17.787479,,-.43156007,.03597733,.066008456,.59543216,.11581349,.41361022,0,.066008456,119.39986,239.24196,,56.606106,,.52696162,.076030329,.0016955917,.49562806,.16701594,.23368755,0,.0016955917,168.67125,242.06996,,12.500026,,-.17660937,.0041277604,2.1353377e-15,.035976361,.0017220832,.32921267,.68758738,.49679783,.036805436,.29615477,.16835256,.13234606,.41223884,.23532578,0,0,0,2.1353377e-15,.035976361,.0017220832,123.14014,204.14563,169.19937,191.90509,263.75024,242.01677,,,,7.4540482,22.111155,12.464293,,,,-.49162972,.38060847,-.17922439,2.1554270e-14,.069558881,.0041638911,12,8,5,4,1,6.5,8,8,8,10,4,,7,,57,36,7,57,36,7
2013,NA, , , , ,346165.63,257419.56,349261,259503,.1113472,.17934544,.55935293,.20723157,.31212148,.071347304,.039999899,171.46416,220.50301,246.42023,16.859205,1.5030195,-.0047634882,.11274216,.5584662,.2060665,.31070444,.071046881,.041695278,170.82504,220.14426,246.10498,16.989559,1.5036138,6.9546702e-10,.18093015,.12411853,.4986423,.27688378,.20767923,.11003927,.014079258,210.10277,255.72041,276.25183,13.898079,1.4023361,-.27833655,.24179278,.098850906,.63151497,.1195942,.4365046,.023434754,.075416148,122.86449,176.70358,209.29378,20.764448,1.6272802,.33986616,.10661311,.081345603,.5121603,.1799643,.23593025,.044105411,.0018471254,174.93257,238.03322,265.6413,12.412881,1.4365072,-.11446296,.16545573,.003360902,.15297957,.08160992,.33964741,.70832729,.5133211,.043652192,.31526709,.18162841,.13100246,.41414514,.23748386,0,.11697846,.044938829,1.4308416e-14,.032596696,.0018883371,126.83511,213.91251,175.56003,178.8111,259.15472,238.43457,216.85658,286.73355,265.77917,7.3611259,21.750044,12.362417,1.2499946,1.6459175,1.4363151,-.31352222,.19812679,-.11557573,.013203587,.28792652,.16555521,12,6,4,4,1,2,7,7,8,11,9,7,3,5,56,37,7,56,37,7
2014,NA, , , , ,346165.63,257419.56,349261,259503,.14794162,.23297635,.58698565,.23468181,.29784787,.093485653,.054455962,169.89143,223.41812,238.17073,10.750227,1.4220471,-.0054428494,.14917329,.58581603,.23326772,.29651099,.093135968,.056037318,169.09805,223.2364,237.77991,10.806197,1.4223517,1.3224108e-10,.23537487,.1548647,.53177434,.30802298,.19823626,.1293496,.025515107,209.7149,258.0687,273.70966,9.0229177,1.3640947,-.27881455,.28396159,.14222372,.65180427,.14198691,.41651052,.048916884,.093306825,119.50237,180.70401,193.90744,12.983691,1.4934872,.34044987,.17604747,.11941184,.54117668,.20257875,.22597989,.065413721,.021956054,173.32027,240.6362,254.02663,8.0444069,1.3888881,-.1487809,.22529462,.039932985,.19758119,.1196542,.36558425,.74215448,.54210091,.052976713,.3538768,.20456418,.12309539,.38810292,.22725999,3.3755756e-12,.1439839,.066232607,.0027799087,.051737823,.021978574,124.07946,215.5694,174.01862,183.93556,260.48907,240.74345,194.37468,284.0249,254.31281,5.9248314,11.997211,8.0304737,1.1969848,1.5681537,1.3895991,-.36377782,.21293986,-.15048307,.093966529,.34617513,.22494747,12,6,4,4,1,2,7,7,8,11,9,8,1,6,51,40,9,51,40,10
2015,NA, , , , ,346165.63,257419.56,349261,259503,.15627135,.26406491,.55922842,.22823001,.27479854,.1000715,.056199849,173.00258,229.14735,234.68796,10.472416,1.359623,-.0050480221,.1571209,.5579595,.22679776,.27366361,.099622801,.05749809,172.20628,229.06659,234.30888,10.534803,1.3604409,4.6666238e-10,.26617271,.16920049,.51001132,.30203423,.17795667,.13918005,.030020433,214.48586,265.24478,278.92871,8.7821188,1.353738,-.2660127,.3238478,.14237095,.61650711,.13492937,.39052776,.051320944,.091050014,120.5803,184.89079,179.8253,12.67494,1.3686256,.32481799,.19574787,.13152398,.51399022,.20070736,.20140466,.07495261,.026161147,178.49532,248.6633,253.5575,7.9022145,1.3498224,-.15025853,.26232243,.046020724,.21218047,.13180673,.34337944,.71459591,.5152055,.048648492,.34743333,.20287073,.10414529,.35781682,.20270491,1.7613922e-06,.15804943,.075741157,.004504594,.057096072,.026218168,125.66803,220.77808,179.26379,186.79364,268.51227,248.80765,178.14713,287.9198,253.98148,5.9076529,11.396492,7.8899584,1.1788567,1.5098451,1.3505605,-.39939922,.20902085,-.1511053,.11173982,.39604503,.26164883,12,6,4,4,1,2,7,8,8,11,9,9,1,5,49,41,10,49,41,10
2016,NA, , , , ,346165.63,257419.56,349261,259503,.172712,.30216834,.54663348,.23690477,.24962233,.11260562,.060106378,181.08653,249.52017,249.21165,13.179252,1.3660952,-.0048851031,.17349893,.54536021,.23544866,.24874178,.11232919,.061169744,180.23764,249.16425,248.77882,13.291072,1.3652824,6.7520856e-10,.30411661,.1917012,.51860923,.31794,.16105661,.15208855,.039612651,222.11203,277.70114,285.78854,8.1988544,1.3164439,-.22413506,.36608848,.15127282,.57802474,.13472164,.35581079,.063780524,.087492295,129.10641,214.31894,196.17691,19.508986,1.4347159,.2736828,.22844511,.15205732,.51103741,.20528212,.18031928,.091876112,.032526162,180.67175,262.80194,265.64154,7.4830885,1.2960076,-.12348117,.30563268,.06423527,.23525664,.15241379,.3401441,.70621383,.5119341,.053487599,.35918358,.20712657,.094928049,.32792118,.18141808,.0055654142,.173237,.092746295,.0093636233,.067674935,.032598384,135.37979,227.70718,181.63773,203.64331,282.38892,263.11102,187.68785,297.12186,265.98096,5.8689432,10.439995,7.4739413,1.1285902,1.4556485,1.2966259,-.37452552,.19591862,-.12488259,.14983508,.44763073,.30491751,12,6,4,4,1,3,5,8,8,11,9,6,2,6,46,43,11,46,43,11
2017,NA, , , , ,346165.63,257419.56,349261,259503,.19950716,.34138501,.55005717,.25622928,.22497657,.13009411,.069413051,177.91426,264.7038,242.34386,16.350357,1.3080864,-.004306369,.20028403,.54869336,.25461191,.22409937,.12974453,.070539512,177.0968,266.64069,242.41585,16.556353,1.3080291,3.0665989e-10,.34396562,.21748964,.53602523,.34291685,.14553605,.16980168,.047687959,220.6983,274.22,282.50162,8.1945629,1.2935365,-.21263325,.3981843,.17927492,.56416196,.14678609,.32003006,.08083225,.098442666,123.85667,257.38586,186.69583,26.766617,1.3283236,.2596384,.27776128,.17801599,.51884514,.22063032,.16179247,.11087692,.037836995,176.18246,264.85056,261.42206,7.5126877,1.2527828,-.12336726,.36346814,.078548752,.27276528,.17830807,.3420071,.71635699,.51997125,.056904607,.3856132,.22252819,.08334671,.29453263,.16295919,.012829144,.19567832,.11177051,.011626787,.079820603,.037942149,128.02602,228.27313,177.18802,204.48315,284.92914,264.59122,166.36034,295.23813,261.80786,5.8688016,10.278973,7.5026197,1.0942113,1.3912796,1.2533071,-.39781752,.23056281,-.12513387,.19058517,.48809272,.36247504,12,6,4,4,1,3,5,8,8,10,6,6,3,7,41,47,13,41,46,13
2018,NA, , , , ,346165.63,257419.56,349261,259503,.18249799,.33272028,.52379209,.24756804,.21515457,.1214285,.061069485,198.356,266.53134,263.15192,10.113268,1.2772273,-.0046256953,.1833386,.52262598,.2458825,.21444264,.12103772,.062300872,197.41147,266.34604,262.4071,10.180117,1.2756855,-1.2414926e-09,.33501783,.20287231,.50874692,.3343398,.1365796,.16504481,.037827495,249.97003,309.05048,318.38602,8.2889967,1.3295362,-.21803889,.39469829,.15948673,.53957325,.13787062,.30951822,.067302339,.09218438,133.23422,214.20126,181.24086,12.489292,1.1973439,.26623899,.26214433,.15950859,.48326793,.21080883,.15286888,.10507996,.03095335,204.42227,284.43594,291.12512,7.6084881,1.2703981,-.14475809,.3529003,.066498682,.24415749,.15979472,.31227809,.68305886,.48420799,.048886597,.3683461,.21272194,.077628426,.28029293,.15375084,.0089777736,.18178338,.10593049,.0092437156,.065498948,.031022742,135.80811,254.42535,205.83321,215.08823,313.35141,285.33655,176.04089,333.96603,291.69043,5.8563995,10.500114,7.5957003,1.1094352,1.4321005,1.2714663,-.39399368,.23974678,-.14616355,.1728728,.48355168,.35174745,12,6,5,4,2,3,6,7,7,10,10,11,1,8,41,47,12,41,47,12
2012,Prairie Island,Prairie Island Indian Community,95,R,Prairie Island Indian Community,6.4842606,4.6619477,349261,259503,0,0,5.2802568e-22,0,5.2802568e-22,0,0,169.22472,241.54944,,230.06296,,-.76056856,.0386969,.5348947,.19158287,.30461493,0,.0386969,165.04706,245.78123,,35.264988,,-6.5270100e-10,.054010592,.016329851,.48531702,.25363493,.21535224,0,.016329851,202.43025,251.13664,,17.787479,,-.43156007,.03597733,.066008456,.59543216,.11581349,.41361022,0,.066008456,119.39986,239.24196,,56.606106,,.52696162,.076030329,.0016955917,.49562806,.16701594,.23368755,0,.0016955917,168.67125,242.06996,,12.500026,,-.17660937,.0041277604,0,0,0,6.8992828e-25,1.0553614e-21,1.3992199e-22,0,0,0,6.8992828e-25,1.0553614e-21,1.3992199e-22,0,0,0,0,0,0,168.6622,169.78725,169.13409,241.0043,242.09459,241.45569,,,,229.51434,230.61156,229.97269,,,,-.76605862,-.75507855,-.75968403,0,0,0,12,12,12,11.5,10,6.5,12,12,12,11,3,,12,,100,0,0,57,36,7
2013,Prairie Island,Prairie Island Indian Community,95,R,Prairie Island Indian Community,6.4842606,4.6619477,349261,259503,0,0,5.2805662e-22,0,5.2805662e-22,0,0,149.95779,232.57855,283.37787,37.18063,1.8897319,-.35251355,.11274216,.5584662,.2060665,.31070444,.071046881,.041695278,170.82504,220.14426,246.10498,16.989559,1.5036138,6.9546702e-10,.18093015,.12411853,.4986423,.27688378,.20767923,.11003927,.014079258,210.10277,255.72041,276.25183,13.898079,1.4023361,-.27833655,.24179278,.098850906,.63151497,.1195942,.4365046,.023434754,.075416148,122.86449,176.70358,209.29378,20.764448,1.6272802,.33986616,.10661311,.081345603,.5121603,.1799643,.23593025,.044105411,.0018471254,174.93257,238.03322,265.6413,12.412881,1.4365072,-.11446296,.16545573,0,0,0,6.8994608e-25,1.0554233e-21,1.3992829e-22,0,0,0,6.8994608e-25,1.0554233e-21,1.3992829e-22,0,0,0,0,0,0,149.41138,150.5042,149.86761,232.03342,233.1237,232.49176,282.83621,283.91956,283.29456,36.638962,37.722298,37.083408,1.8864598,1.8930037,1.890303,-.35597187,-.34905523,-.35194284,0,0,0,12,11,12,11.5,11,9.5,11,11,11,10,10,9,9,9,100,0,0,56,37,7
2014,Prairie Island,Prairie Island Indian Community,95,R,Prairie Island Indian Community,6.4842606,4.6619477,349261,259503,0,0,5.2805662e-22,0,5.2805662e-22,0,0,149.95131,183.11256,183.20844,37.18063,1.2217898,-.51857668,.14917329,.58581603,.23326772,.29651099,.093135968,.056037318,169.09805,223.2364,237.77991,10.806197,1.4223517,1.3224108e-10,.23537487,.1548647,.53177434,.30802298,.19823626,.1293496,.025515107,209.7149,258.0687,273.70966,9.0229177,1.3640947,-.27881455,.28396159,.14222372,.65180427,.14198691,.41651052,.048916884,.093306825,119.50237,180.70401,193.90744,12.983691,1.4934872,.34044987,.17604747,.11941184,.54117668,.20257875,.22597989,.065413721,.021956054,173.32027,240.6362,254.02663,8.0444069,1.3888881,-.1487809,.22529462,0,0,0,6.8994608e-25,1.0554233e-21,1.3992829e-22,0,0,0,6.8994608e-25,1.0554233e-21,1.3992829e-22,0,0,0,0,0,0,149.40219,150.50041,149.8611,182.56395,183.66118,183.02228,182.66676,183.75009,183.11121,36.638962,37.722298,37.083408,1.2209284,1.2226514,1.221874,-.52188659,-.51526678,-.51803291,0,0,0,12,11.5,12,11,11,9.5,11.5,11.5,11,10,7,5,11,5,100,0,0,51,40,10
2015,Prairie Island,Prairie Island Indian Community,95,R,Prairie Island Indian Community,6.4842606,4.6619477,349261,259503,0,0,5.7729295e-22,0,5.7729295e-22,0,0,156.95068,191.81256,191.81256,37.18063,1.2221231,-.67988926,.1571209,.5579595,.22679776,.27366361,.099622801,.05749809,172.20628,229.06659,234.30888,10.534803,1.3604409,4.6666238e-10,.26617271,.16920049,.51001132,.30203423,.17795667,.13918005,.030020433,214.48586,265.24478,278.92871,8.7821188,1.353738,-.2660127,.3238478,.14237095,.61650711,.13492937,.39052776,.051320944,.091050014,120.5803,184.89079,179.8253,12.67494,1.3686256,.32481799,.19574787,.13152398,.51399022,.20070736,.20140466,.07495261,.026161147,178.49532,248.6633,253.5575,7.9022145,1.3498224,-.15025853,.26232243,0,0,0,7.5521579e-25,1.1538307e-21,1.5303600e-22,0,0,0,7.5521579e-25,1.1538307e-21,1.5303600e-22,0,0,0,0,0,0,156.40186,157.49953,156.86038,191.26395,192.36118,191.72229,191.26395,192.36118,191.72229,36.638962,37.722298,37.083408,1.2213453,1.222901,1.2222489,-.68308079,-.67669767,-.67936414,0,0,0,12,11.5,12,10.5,11,10,11.5,11.5,11,10,7,6,11,3,100,0,0,49,41,10
2016,Prairie Island,Prairie Island Indian Community,95,R,Prairie Island Indian Community,6.4842606,4.6619477,349261,259503,0,0,8.7011847e-12,0,8.7011847e-12,0,0,153.04128,278.03943,278.03943,208.25735,1.8167729,-.64405,.17349893,.54536021,.23544866,.24874178,.11232919,.061169744,180.23764,249.16425,248.77882,13.291072,1.3652824,6.7520856e-10,.30411661,.1917012,.51860923,.31794,.16105661,.15208855,.039612651,222.11203,277.70114,285.78854,8.1988544,1.3164439,-.22413506,.36608848,.15127282,.57802474,.13472164,.35581079,.063780524,.087492295,129.10641,214.31894,196.17691,19.508986,1.4347159,.2736828,.22844511,.15205732,.51103741,.20528212,.18031928,.091876112,.032526162,180.67175,262.80194,265.64154,7.4830885,1.2960076,-.12348117,.30563268,0,0,0,1.8919130e-13,1.7213179e-11,4.4477972e-12,0,0,0,1.8919130e-13,1.7213179e-11,4.4477972e-12,0,0,0,0,0,0,152.4996,153.58295,152.95795,277.49429,278.58456,277.95264,277.49429,278.58456,277.95264,207.70874,208.80597,208.16708,1.813906,1.8196399,1.8171873,-.64704043,-.64105952,-.64358991,0,0,0,12,11.5,12,10,11,10,11.5,11.5,11,10,10,7,11,8,100,0,0,46,43,11
2017,Prairie Island,Prairie Island Indian Community,95,R,Prairie Island Indian Community,6.4842606,4.6619477,349261,259503,0,0,3.7801145e-18,3.7801145e-18,6.9811873e-36,0,0,218.14851,218.14851,198.11256,102.73632,.90815377,-1.0458863,.20028403,.54869336,.25461191,.22409937,.12974453,.070539512,177.0968,266.64069,242.41585,16.556353,1.3080291,3.0665989e-10,.34396562,.21748964,.53602523,.34291685,.14553605,.16980168,.047687959,220.6983,274.22,282.50162,8.1945629,1.2935365,-.21263325,.3981843,.17927492,.56416196,.14678609,.32003006,.08083225,.098442666,123.85667,257.38586,186.69583,26.766617,1.3283236,.2596384,.27776128,.17801599,.51884514,.22063032,.16179247,.11087692,.037836995,176.18246,264.85056,261.42206,7.5126877,1.2527828,-.12336726,.36346814,0,0,0,1.1870609e-20,7.5483581e-18,1.2344539e-18,1.1870609e-20,7.5483581e-18,1.2344539e-18,0,1.3962375e-35,8.0129457e-37,0,0,0,0,0,0,217.60684,218.69019,218.06519,217.60684,218.69019,218.06519,197.56395,198.66118,198.02228,102.19465,103.27798,102.6391,.90789402,.90841353,.90808737,-1.0487316,-1.0430412,-1.0454485,0,0,0,12,11.5,12,8,11,11.5,11.5,11.5,12,11,4,5,9,2,0,100,0,41,46,13
2018,Prairie Island,Prairie Island Indian Community,95,R,Prairie Island Indian Community,6.4842606,4.6619477,349261,259503,0,0,4.7750953e-18,4.7347616e-18,4.0333695e-20,0,0,246.19821,246.68417,205.81256,37.18063,.83596277,-1.0195506,.1833386,.52262598,.2458825,.21444264,.12103772,.062300872,197.41147,266.34604,262.4071,10.180117,1.2756855,-1.2414926e-09,.33501783,.20287231,.50874692,.3343398,.1365796,.16504481,.037827495,249.97003,309.05048,318.38602,8.2889967,1.3295362,-.21803889,.39469829,.15948673,.53957325,.13787062,.30951822,.067302339,.09218438,133.23422,214.20126,181.24086,12.489292,1.1973439,.26623899,.26214433,.15950859,.48326793,.21080883,.15286888,.10507996,.03095335,204.42227,284.43594,291.12512,7.6084881,1.2703981,-.14475809,.3529003,0,0,0,1.4973102e-20,9.5352178e-18,1.5604324e-18,1.4868466e-20,9.4546554e-18,1.5462085e-18,1.0463552e-22,8.0562752e-20,1.4223747e-20,0,0,0,0,0,0,245.55469,246.84172,246.05656,246.1425,247.22583,246.60083,205.26395,206.36118,205.72229,36.638962,37.722298,37.083408,.83584833,.83607721,.83600616,-1.0224684,-1.0166326,-1.0189083,0,0,0,12,11.5,12,6,11,11,11.5,11.5,12,11,8,8,11,3,1,99,0,41,47,12
2012,Red Lake,Red Lake Reservation,86,R,Red Lake Band of Chippewa,767.54645,382.69879,349261,259503,.044260107,.13793103,.075388893,.031128788,0,0,.044260107,78.465164,204.70212,,198.08629,,.22665618,.0386969,.5348947,.19158287,.30461493,0,.0386969,165.04706,245.78123,,35.264988,,-6.5270100e-10,.054010592,.016329851,.48531702,.25363493,.21535224,0,.016329851,202.43025,251.13664,,17.787479,,-.43156007,.03597733,.066008456,.59543216,.11581349,.41361022,0,.066008456,119.39986,239.24196,,56.606106,,.52696162,.076030329,.0016955917,.49562806,.16701594,.23368755,0,.0016955917,168.67125,242.06996,,12.500026,,-.17660937,.0041277604,0,0,0,1.8097184e-32,.077201955,2.3126924e-10,0,.01926692,1.3695066e-15,0,0,0,0,0,0,0,0,0,77.804008,95.942932,87.831802,80.581787,101.35961,91.109589,,,,193.52817,243.50049,206.05597,,,,-.045368791,.27493817,.033792555,0,0,0,12,7,9,6,11.5,6.5,7,7,7,5,2,,11,,0,41,59,57,36,7
2013,Red Lake,Red Lake Reservation,86,R,Red Lake Band of Chippewa,767.54645,382.69879,349261,259503,.044260107,.13793103,.057980724,0,.013720618,0,.044260107,100.92947,259.64355,299.06937,72.59082,2.412379,.038879752,.11274216,.5584662,.2060665,.31070444,.071046881,.041695278,170.82504,220.14426,246.10498,16.989559,1.5036138,6.9546702e-10,.18093015,.12411853,.4986423,.27688378,.20767923,.11003927,.014079258,210.10277,255.72041,276.25183,13.898079,1.4023361,-.27833655,.24179278,.098850906,.63151497,.1195942,.4365046,.023434754,.075416148,122.86449,176.70358,209.29378,20.764448,1.6272802,.33986616,.10661311,.081345603,.5121603,.1799643,.23593025,.044105411,.0018471254,174.93257,238.03322,265.6413,12.412881,1.4365072,-.11446296,.16545573,0,0,0,7.9766850e-33,.034028262,1.0193641e-10,0,0,0,0,.0084922696,6.0363660e-16,0,0,0,0,0,0,90.333946,127.27522,106.42917,249.19786,261.11401,254.4751,279.38702,296.33148,288.74814,72.750145,89.277954,79.444603,1.8959695,2.8548846,2.3650653,-.20895116,.038261902,-.073779851,0,0,0,12,8,9,11.5,6,9.5,6,8,7,6,11,10,10,11,24,0,76,56,37,7
2014,Red Lake,Red Lake Reservation,86,R,Red Lake Band of Chippewa,767.54645,382.69879,349261,259503,.0729587,.57157016,.08942344,0,.016464742,0,.0729587,43.323074,256.44019,266.57892,16.598692,2.3509312,.28413835,.14917329,.58581603,.23326772,.29651099,.093135968,.056037318,169.09805,223.2364,237.77991,10.806197,1.4223517,1.3224108e-10,.23537487,.1548647,.53177434,.30802298,.19823626,.1293496,.025515107,209.7149,258.0687,273.70966,9.0229177,1.3640947,-.27881455,.28396159,.14222372,.65180427,.14198691,.41651052,.048916884,.093306825,119.50237,180.70401,193.90744,12.983691,1.4934872,.34044987,.17604747,.11941184,.54117668,.20257875,.22597989,.065413721,.021956054,173.32027,240.6362,254.02663,8.0444069,1.3888881,-.1487809,.22529462,2.5218592e-14,.096786939,.0047673588,.0050941599,.12003498,.040732805,0,0,0,0,.010190723,7.2436394e-16,0,0,0,2.5218592e-14,.096786939,.0047673588,8.6389065,86.78109,12.805581,248.01047,268.4971,264.31656,254.61296,273.30841,266.91953,8.6389065,21.888933,12.805581,1.5046473,2.8884947,2.6925013,-.12154911,.53401464,.31773937,7.3121701e-13,1,1,12,7,9,11,7,9.5,6,2,7,1,11,9,5,11,18,0,82,51,40,10
2015,Red Lake,Red Lake Reservation,86,R,Red Lake Band of Chippewa,767.54645,382.69879,349261,259503,.057253499,.53171903,.097425222,0,.040171728,0,.057253499,49.449402,245.54233,222.51395,16.160313,1.9919802,.13295682,.1571209,.5579595,.22679776,.27366361,.099622801,.05749809,172.20628,229.06659,234.30888,10.534803,1.3604409,4.6666238e-10,.26617271,.16920049,.51001132,.30203423,.17795667,.13918005,.030020433,214.48586,265.24478,278.92871,8.7821188,1.353738,-.2660127,.3238478,.14237095,.61650711,.13492937,.39052776,.051320944,.091050014,120.5803,184.89079,179.8253,12.67494,1.3686256,.32481799,.19574787,.13152398,.51399022,.20070736,.20140466,.07495261,.026161147,178.49532,248.6633,253.5575,7.9022145,1.3498224,-.15025853,.26232243,2.5218592e-14,.10383085,.0047673588,.031218216,.12697542,.11085013,0,0,0,2.4310045e-27,.1150962,.000063783817,0,0,0,2.5218592e-14,.10383085,.0047673588,8.3654203,91.241386,22.65123,231.75014,252.55573,247.0835,207.69464,219.97243,214.33354,8.0555716,21.833376,12.805581,1.8341631,2.365572,2.0250022,-.19643755,.46621999,.13072072,1.9756175e-13,1,.8515327,12,8,9,10.5,7,10,6,2,7,1,10,8,4,9,41,0,59,49,41,10
2016,Red Lake,Red Lake Reservation,86,R,Red Lake Band of Chippewa,767.54645,382.69879,349261,259503,.057253499,.56781262,.10939185,0,.052138347,0,.057253499,30.315586,214.52777,,19.605,,.23146689,.17349893,.54536021,.23544866,.24874178,.11232919,.061169744,180.23764,249.16425,248.77882,13.291072,1.3652824,6.7520856e-10,.30411661,.1917012,.51860923,.31794,.16105661,.15208855,.039612651,222.11203,277.70114,285.78854,8.1988544,1.3164439,-.22413506,.36608848,.15127282,.57802474,.13472164,.35581079,.063780524,.087492295,129.10641,214.31894,196.17691,19.508986,1.4347159,.2736828,.22844511,.15205732,.51103741,.20528212,.18031928,.091876112,.032526162,180.67175,262.80194,265.64154,7.4830885,1.2960076,-.12348117,.30563268,2.5218592e-14,.096786939,.0047673588,.0081806518,.1367722,.075252533,0,0,0,0,.032270625,2.2938192e-15,0,0,0,2.5218592e-14,.096786939,.0047673588,8.6389065,56.208027,12.805581,200.62001,212.59227,206.73114,,,,8.6389065,21.888933,12.805581,,,,-.03893457,.41252536,.19626506,2.3091064e-13,1,1,12,8,10,10,7,10,6,2,7,1,7,,5,,48,0,52,46,43,11
2017,Red Lake,Red Lake Reservation,86,R,Red Lake Band of Chippewa,767.54645,382.69879,349261,259503,.08665482,.86201996,.098180145,0,.040926643,.029401325,.057253499,61.343849,642.59955,292.36353,27.360872,1.2335049,.0090776756,.20028403,.54869336,.25461191,.22409937,.12974453,.070539512,177.0968,266.64069,242.41585,16.556353,1.3080291,3.0665989e-10,.34396562,.21748964,.53602523,.34291685,.14553605,.16980168,.047687959,220.6983,274.22,282.50162,8.1945629,1.2935365,-.21263325,.3981843,.17927492,.56416196,.14678609,.32003006,.08083225,.098442666,123.85667,257.38586,186.69583,26.766617,1.3283236,.2596384,.27776128,.17801599,.51884514,.22063032,.16179247,.11087692,.037836995,176.18246,264.85056,261.42206,7.5126877,1.2527828,-.12336726,.36346814,.0047673588,.1093091,.040732805,.0047673588,.12241663,.044258092,0,0,0,0,.025331227,1.8005619e-15,0,.018197721,1.2935071e-15,1.8665635e-14,.066451691,.00050493894,10.083353,130.56525,17.694479,631.34155,642.98041,637.53601,132.08028,391.71094,142.60808,10.083353,21.888933,16.416698,.99365288,.99427009,.99405277,-.40502119,.22196536,.028426388,.71839082,1,1,12,8,9,11,7,5,6,1,7,3,11,8,6,5,42,0,58,41,46,13
2018,Red Lake,Red Lake Reservation,86,R,Red Lake Band of Chippewa,767.54645,382.69879,349261,259503,.08665482,.71492147,.10810993,0,.050856434,.029401325,.057253499,78.221199,278.50931,109.01821,17.577621,.64484757,-.009918265,.1833386,.52262598,.2458825,.21444264,.12103772,.062300872,197.41147,266.34604,262.4071,10.180117,1.2756855,-1.2414926e-09,.33501783,.20287231,.50874692,.3343398,.1365796,.16504481,.037827495,249.97003,309.05048,318.38602,8.2889967,1.3295362,-.21803889,.39469829,.15948673,.53957325,.13787062,.30951822,.067302339,.09218438,133.23422,214.20126,181.24086,12.489292,1.1973439,.26623899,.26214433,.15950859,.48326793,.21080883,.15286888,.10507996,.03095335,204.42227,284.43594,291.12512,7.6084881,1.2703981,-.14475809,.3529003,.0047673588,.1093091,.040732805,.0092237657,.14915533,.059684068,0,0,0,.00057246792,.040937599,.019338802,0,.018197721,1.2935071e-15,1.8665635e-14,.066451691,.00050493894,39.360729,108.97856,97.296982,267.63907,275.26721,271.35052,95.38652,111.88656,105.24766,10.083353,21.888933,16.416698,.58662021,.71958083,.62824506,-.36436877,.19247922,-.011841357,.71622056,.82330883,.71839082,12,8,9,10.5,7,4,7,1,8,6,11,1,5,2,47,0,53,41,47,12
2012,Shakopee Mdewakanton Sioux,Shakopee Mdewakanton Sioux Community,82,R,Shakopee Mdewakanton Sioux Community,345.68835,265.72388,349261,259503,.0024337221,.0055397642,.35809672,.18125845,.17440455,0,.0024337221,216.52298,267.49713,,13.279692,,-.7402969,.0386969,.5348947,.19158287,.30461493,0,.0386969,165.04706,245.78123,,35.264988,,-6.5270100e-10,.054010592,.016329851,.48531702,.25363493,.21535224,0,.016329851,202.43025,251.13664,,17.787479,,-.43156007,.03597733,.066008456,.59543216,.11581349,.41361022,0,.066008456,119.39986,239.24196,,56.606106,,.52696162,.076030329,.0016955917,.49562806,.16701594,.23368755,0,.0016955917,168.67125,242.06996,,12.500026,,-.17660937,.0041277604,.00030783677,.0018232048,.00065787305,.18751942,.46006382,.44807446,.057328064,.31106371,.14679526,.13625517,.23826341,.19655728,0,0,0,.00030783677,.0018232048,.00065787305,195.34183,237.48048,218.92528,257.31958,276.13889,270.51724,,,,12.555664,13.502949,13.361803,,,,-.88857645,-.58095849,-.64066982,.0010806556,.0039629391,.0016863162,12,9,8,5,3,6.5,9,11,11,12,6,,1,,49,51,1,57,36,7
2013,Shakopee Mdewakanton Sioux,Shakopee Mdewakanton Sioux Community,82,R,Shakopee Mdewakanton Sioux Community,345.68835,265.72388,349261,259503,.057975326,.12937082,.35714874,.17868897,.17810769,.057623249,.0003520803,217.81509,271.49902,308.01129,15.550071,1.5014271,-.48544642,.11274216,.5584662,.2060665,.31070444,.071046881,.041695278,170.82504,220.14426,246.10498,16.989559,1.5036138,6.9546702e-10,.18093015,.12411853,.4986423,.27688378,.20767923,.11003927,.014079258,210.10277,255.72041,276.25183,13.898079,1.4023361,-.27833655,.24179278,.098850906,.63151497,.1195942,.4365046,.023434754,.075416148,122.86449,176.70358,209.29378,20.764448,1.6272802,.33986616,.10661311,.081345603,.5121603,.1799643,.23593025,.044105411,.0018471254,174.93257,238.03322,265.6413,12.412881,1.4365072,-.11446296,.16545573,.009608062,.12529008,.027947363,.18852586,.46789044,.44152099,.057688709,.30968183,.15991881,.14447285,.23875134,.18951005,.0096076075,.12528957,.025802029,1.2259376e-07,.0006260564,5.1356579e-07,198.1673,236.08023,219.88426,260.71021,281.43015,273.6326,306.89746,311.1778,307.5889,12.777802,17.458593,16.947199,1.4341594,1.6093242,1.4482501,-.53471923,-.39700484,-.45103061,.040978454,.25573662,.076171614,12,7,8,5,3,3,8,9,12,12,12,11,2,4,50,50,0,56,37,7
2014,Shakopee Mdewakanton Sioux,Shakopee Mdewakanton Sioux Community,82,R,Shakopee Mdewakanton Sioux Community,345.68835,265.72388,349261,259503,.057552639,.13623136,.340013,.1852262,.15437259,.057138436,.00041420525,227.21754,281.07828,320.33487,15.547827,1.5030674,-.65290648,.14917329,.58581603,.23326772,.29651099,.093135968,.056037318,169.09805,223.2364,237.77991,10.806197,1.4223517,1.3224108e-10,.23537487,.1548647,.53177434,.30802298,.19823626,.1293496,.025515107,209.7149,258.0687,273.70966,9.0229177,1.3640947,-.27881455,.28396159,.14222372,.65180427,.14198691,.41651052,.048916884,.093306825,119.50237,180.70401,193.90744,12.983691,1.4934872,.34044987,.17604747,.11941184,.54117668,.20257875,.22597989,.065413721,.021956054,173.32027,240.6362,254.02663,8.0444069,1.3888881,-.1487809,.22529462,.010661925,.12244631,.029364647,.177819,.45274431,.43463749,.058781948,.30827108,.18136881,.12433637,.20429812,.15949602,.0099897757,.12244575,.026840726,1.4404772e-07,.00073653698,5.7395744e-07,204.96898,247.41011,230.66673,263.91385,296.12576,289.09216,317.3302,322.00446,320.56052,12.777802,17.456491,16.946791,1.4151446,1.5967693,1.4626788,-.68216765,-.54866171,-.62383157,.046519298,.26651731,.095527001,12,8,8,5,3,3,8,9,12,12,12,11,3,7,45,54,0,51,40,10
2015,Shakopee Mdewakanton Sioux,Shakopee Mdewakanton Sioux Community,82,R,Shakopee Mdewakanton Sioux Community,345.68835,265.72388,349261,259503,.063929245,.16772188,.29924837,.17755836,.11919416,.061433397,.0024958469,241.09169,290.74817,320.89386,13.278118,1.4162862,-.79345435,.1571209,.5579595,.22679776,.27366361,.099622801,.05749809,172.20628,229.06659,234.30888,10.534803,1.3604409,4.6666238e-10,.26617271,.16920049,.51001132,.30203423,.17795667,.13918005,.030020433,214.48586,265.24478,278.92871,8.7821188,1.353738,-.2660127,.3238478,.14237095,.61650711,.13492937,.39052776,.051320944,.091050014,120.5803,184.89079,179.8253,12.67494,1.3686256,.32481799,.19574787,.13152398,.51399022,.20070736,.20140466,.07495261,.026161147,178.49532,248.6633,253.5575,7.9022145,1.3498224,-.15025853,.26232243,.0090099517,.12805991,.036142733,.1180926,.47176796,.3325251,.058426518,.31420642,.15719295,.0780444,.15547997,.13484344,.0090093976,.12730429,.03361794,.00036216082,.0018232192,.00073665858,220.81601,260.16907,258.80869,284.25244,298.15649,289.81577,321.03088,322.81699,322.66452,12.555652,13.503265,13.361911,1.3611053,1.4988049,1.384604,-.85792625,-.61109573,-.70257294,.072606459,.28927964,.12074175,12,7,8,5,3,3,8,9,12,12,12,11,2,8,40,59,1,49,41,10
2016,Shakopee Mdewakanton Sioux,Shakopee Mdewakanton Sioux Community,82,R,Shakopee Mdewakanton Sioux Community,345.68835,265.72388,349261,259503,.075621374,.22287768,.28500324,.1567198,.11555843,.062896386,.012724994,238.36977,302.51575,332.55725,10.269889,1.454293,-.7260049,.17349893,.54536021,.23544866,.24874178,.11232919,.061169744,180.23764,249.16425,248.77882,13.291072,1.3652824,6.7520856e-10,.30411661,.1917012,.51860923,.31794,.16105661,.15208855,.039612651,222.11203,277.70114,285.78854,8.1988544,1.3164439,-.22413506,.36608848,.15127282,.57802474,.13472164,.35581079,.063780524,.087492295,129.10641,214.31894,196.17691,19.508986,1.4347159,.2736828,.22844511,.15205732,.51103741,.20528212,.18031928,.091876112,.032526162,180.67175,262.80194,265.64154,7.4830885,1.2960076,-.12348117,.30563268,.015141624,.14049724,.059491929,.11757725,.44157222,.32381028,.046454016,.27444214,.13251862,.075170271,.14484608,.14317846,.00935621,.12707394,.035270471,.0100953,.015368221,.013423297,206.98564,261.98413,259.87552,292.7558,314.33209,303.68832,329.20697,338.39801,333.49115,9.50704,10.145646,9.6186094,1.3917823,1.5609691,1.4217546,-.72750688,-.56733239,-.61006111,.13576297,.33093715,.18372464,12,7,8,5,4,4,8,9,12,12,11,8,1,7,41,55,4,46,43,11
2017,Shakopee Mdewakanton Sioux,Shakopee Mdewakanton Sioux Community,82,R,Shakopee Mdewakanton Sioux Community,345.68835,265.72388,349261,259503,.18278779,.59577781,.30386585,.18221582,.10892528,.17006303,.012724753,243.9241,297.84644,303.59552,10.270069,1.6242652,-.60441506,.20028403,.54869336,.25461191,.22409937,.12974453,.070539512,177.0968,266.64069,242.41585,16.556353,1.3080291,3.0665989e-10,.34396562,.21748964,.53602523,.34291685,.14553605,.16980168,.047687959,220.6983,274.22,282.50162,8.1945629,1.2935365,-.21263325,.3981843,.17927492,.56416196,.14678609,.32003006,.08083225,.098442666,123.85667,257.38586,186.69583,26.766617,1.3283236,.2596384,.27776128,.17801599,.51884514,.22063032,.16179247,.11087692,.037836995,176.18246,264.85056,261.42206,7.5126877,1.2527828,-.12336726,.36346814,.060734946,.32400009,.15040223,.12475404,.46634239,.3471956,.058266837,.31662893,.1600364,.0744908,.13466503,.12657538,.060189325,.31024519,.12618189,.010095177,.015367865,.013423325,214.95044,267.45285,264.93481,285.31943,310.81033,302.32465,299.02283,309.00116,301.33267,9.5067215,10.1456,9.6185722,1.600687,1.6578325,1.6348584,-.75049686,-.3463679,-.46517506,.43319166,.71539164,.70322835,12,7,8,5,3,2,8,4,11,12,8,9,1,9,36,60,4,41,46,13
2018,Shakopee Mdewakanton Sioux,Shakopee Mdewakanton Sioux Community,82,R,Shakopee Mdewakanton Sioux Community,345.68835,265.72388,349261,259503,.1834012,.32771373,.60768181,.47968525,.11440665,.16981129,.013589906,294.83743,328.9245,335.37537,10.363365,1.2751966,-.36244383,.1833386,.52262598,.2458825,.21444264,.12103772,.062300872,197.41147,266.34604,262.4071,10.180117,1.2756855,-1.2414926e-09,.33501783,.20287231,.50874692,.3343398,.1365796,.16504481,.037827495,249.97003,309.05048,318.38602,8.2889967,1.3295362,-.21803889,.39469829,.15948673,.53957325,.13787062,.30951822,.067302339,.09218438,133.23422,214.20126,181.24086,12.489292,1.1973439,.26623899,.26214433,.15950859,.48326793,.21080883,.15286888,.10507996,.03095335,204.42227,284.43594,291.12512,7.6084881,1.2703981,-.14475809,.3529003,.060729768,.32400569,.15399258,.44426972,.78874969,.68843442,.31142914,.65692741,.56008309,.082436591,.14896615,.12932652,.060176656,.31024951,.12522225,.011121642,.017502023,.013425117,289.35919,303.98221,294.48093,317.80975,336.38098,322.73495,329.18356,342.62003,333.4631,9.5610561,10.347518,9.7152691,1.0963622,1.5489943,1.1583225,-.53679818,-.053576451,-.28736737,.11952987,.48116684,.18267706,12,5,4,3,3,1,8,8,9,12,12,12,2,7,19,79,2,41,47,12
2012,Upper Sioux,Upper Sioux Community,82,R,Upper Sioux Community,1.6254146,1.4183985,349261,259503,.00024213921,.017225577,.0065558525,.0018705577,.0044431551,0,.00024213921,105.29009,93.696281,,16.888924,,-.12777109,.0386969,.5348947,.19158287,.30461493,0,.0386969,165.04706,245.78123,,35.264988,,-6.5270100e-10,.054010592,.016329851,.48531702,.25363493,.21535224,0,.016329851,202.43025,251.13664,,17.787479,,-.43156007,.03597733,.066008456,.59543216,.11581349,.41361022,0,.066008456,119.39986,239.24196,,56.606106,,.52696162,.076030329,.0016955917,.49562806,.16701594,.23368755,0,.0016955917,168.67125,242.06996,,12.500026,,-.17660937,.0041277604,5.9557235e-09,.000010442725,6.2563240e-06,9.4563075e-07,.00055736798,.00035947043,3.0696626e-07,.00016973709,.00011001388,6.3270875e-07,.00037718815,.00024320024,0,0,0,5.9557235e-09,.000010442725,6.2563240e-06,104.74708,107.79705,105.03155,93.157394,95.740738,93.379616,,,,16.333366,18.944483,16.55559,,,,-.16105872,-.13054353,-.13358617,.006298149,.018735783,.017404281,12,10,10,10,6,6.5,10,9,9,8,1,,3,,68,29,4,57,36,7
2013,Upper Sioux,Upper Sioux Community,82,R,Upper Sioux Community,1.6254146,1.4183985,349261,259503,.0021818795,.23106225,.0075143389,.0018705577,.0053324592,.0018705577,.00031132187,117.51014,78.688751,78.688751,16.888924,.60376871,-.13999726,.11274216,.5584662,.2060665,.31070444,.071046881,.041695278,170.82504,220.14426,246.10498,16.989559,1.5036138,6.9546702e-10,.18093015,.12411853,.4986423,.27688378,.20767923,.11003927,.014079258,210.10277,255.72041,276.25183,13.898079,1.4023361,-.27833655,.24179278,.098850906,.63151497,.1195942,.4365046,.023434754,.075416148,122.86449,176.70358,209.29378,20.764448,1.6272802,.33986616,.10661311,.081345603,.5121603,.1799643,.23593025,.044105411,.0018471254,174.93257,238.03322,265.6413,12.412881,1.4365072,-.11446296,.16545573,3.1462361e-07,.00018316344,.00011805773,1.7430925e-06,.00072058541,.00047303853,3.0696626e-07,.00016973709,.00011001388,1.4284690e-06,.00053742196,.00035498079,3.0696626e-07,.00016973709,.00011001388,7.6573583e-09,.000013426361,8.0438449e-06,114.40833,125.64891,115.20432,78.149864,80.733208,78.372086,78.149864,80.733208,78.372086,16.333366,18.944483,16.55559,.59418172,.60906953,.60822123,-.19865641,-.12685321,-.13212027,.18049736,.25418702,.24957317,12,9,10,9,8,5,9,5,9,8,1,1,4,1,71,25,4,56,37,7
2014,Upper Sioux,Upper Sioux Community,82,R,Upper Sioux Community,1.6254146,1.4183985,349261,259503,.0021818795,.23228316,.0069910465,.0018705577,.0048091672,.0018705577,.00031132187,111.16,69.727379,69.727379,16.888924,.55859667,-.27668026,.14917329,.58581603,.23326772,.29651099,.093135968,.056037318,169.09805,223.2364,237.77991,10.806197,1.4223517,1.3224108e-10,.23537487,.1548647,.53177434,.30802298,.19823626,.1293496,.025515107,209.7149,258.0687,273.70966,9.0229177,1.3640947,-.27881455,.28396159,.14222372,.65180427,.14198691,.41651052,.048916884,.093306825,119.50237,180.70401,193.90744,12.983691,1.4934872,.34044987,.17604747,.11941184,.54117668,.20257875,.22597989,.065413721,.021956054,173.32027,240.6362,254.02663,8.0444069,1.3888881,-.1487809,.22529462,3.1462361e-07,.00018316344,.00011805773,1.8686218e-06,.00070704753,.00046708668,3.0696626e-07,.00016973709,.00011001388,1.5539981e-06,.00052388408,.00034902894,3.0696626e-07,.00016973709,.00011001388,7.6573583e-09,.000013426361,8.0438449e-06,108.50312,118.74557,109.28556,69.188492,71.771835,69.410713,69.188492,71.771835,69.410713,16.333366,18.944483,16.55559,.55845642,.55976325,.55846518,-.33047423,-.26796791,-.27294901,.16837202,.25905395,.25275338,12,9,11,8,9,5,9,8,9,7,1,1,6,1,69,27,4,51,40,10
2015,Upper Sioux,Upper Sioux Community,82,R,Upper Sioux Community,1.6254146,1.4183985,349261,259503,.0021814941,.39138469,.0056954278,.0018701724,.0035139329,.0018701724,.00031132187,97.768532,69.98336,69.98336,16.888924,.59351879,-.3268528,.1571209,.5579595,.22679776,.27366361,.099622801,.05749809,172.20628,229.06659,234.30888,10.534803,1.3604409,4.6666238e-10,.26617271,.16920049,.51001132,.30203423,.17795667,.13918005,.030020433,214.48586,265.24478,278.92871,8.7821188,1.353738,-.2660127,.3238478,.14237095,.61650711,.13492937,.39052776,.051320944,.091050014,120.5803,184.89079,179.8253,12.67494,1.3686256,.32481799,.19574787,.13152398,.51399022,.20070736,.20140466,.07495261,.026161147,178.49532,248.6633,253.5575,7.9022145,1.3498224,-.15025853,.26232243,3.1456040e-07,.00018312849,.00011803507,7.8461301e-07,.00047466849,.00030552829,3.0690305e-07,.00016970212,.00010999123,4.7005258e-07,.00029154,.00018749321,3.0690305e-07,.00016970212,.00010999123,7.6573583e-09,.000013426361,8.0438449e-06,97.422905,99.925781,97.69178,69.444473,72.027817,69.666695,69.444473,72.027817,69.666695,16.333366,18.944483,16.55559,.59130228,.60294545,.5923366,-.34827843,-.33298239,-.33481029,.38580289,.40091154,.38633108,12,9,11,7,9,5,9,6,10,8,1,1,6,1,62,33,5,49,41,10
2016,Upper Sioux,Upper Sioux Community,82,R,Upper Sioux Community,1.6254146,1.4183985,349261,259503,.0027674248,.52393532,.0055590351,.0018705577,.0033425645,.0024215116,.00034591317,95.323692,39.05505,61.772945,16.888924,.45747119,-.31558576,.17349893,.54536021,.23544866,.24874178,.11232919,.061169744,180.23764,249.16425,248.77882,13.291072,1.3652824,6.7520856e-10,.30411661,.1917012,.51860923,.31794,.16105661,.15208855,.039612651,222.11203,277.70114,285.78854,8.1988544,1.3164439,-.22413506,.36608848,.15127282,.57802474,.13472164,.35581079,.063780524,.087492295,129.10641,214.31894,196.17691,19.508986,1.4347159,.2736828,.22844511,.15205732,.51103741,.20528212,.18031928,.091876112,.032526162,180.67175,262.80194,265.64154,7.4830885,1.2960076,-.12348117,.30563268,4.1615527e-07,.00023695714,.00015300779,7.6285079e-07,.00046031669,.00029634577,3.0696626e-07,.00016973709,.00011001388,4.4737635e-07,.00027566144,.00017739428,4.0764709e-07,.00022203897,.00014407017,8.5081764e-09,.000014918179,8.9376053e-06,95.157753,96.970016,95.399483,38.516163,41.099499,38.738384,60.938122,64.609245,61.239742,16.333366,18.944483,16.55559,.45327455,.47182468,.45480719,-.33448917,-.32365915,-.32528725,.51476985,.54552644,.51631504,12,9,11,6,8,6,9,4,9,6,1,1,4,1,60,34,6,46,43,11
2017,Upper Sioux,Upper Sioux Community,82,R,Upper Sioux Community,1.6254146,1.4183985,349261,259503,.00097246672,.18512355,.0048764148,.0018705577,.0026945353,.00066114485,.00031132187,109.01503,95.593193,128.08049,16.888924,1.17779,-.4665893,.20028403,.54869336,.25461191,.22409937,.12974453,.070539512,177.0968,266.64069,242.41585,16.556353,1.3080291,3.0665989e-10,.34396562,.21748964,.53602523,.34291685,.14553605,.16980168,.047687959,220.6983,274.22,282.50162,8.1945629,1.2935365,-.21263325,.3981843,.17927492,.56416196,.14678609,.32003006,.08083225,.098442666,123.85667,257.38586,186.69583,26.766617,1.3283236,.2596384,.27776128,.17801599,.51884514,.22063032,.16179247,.11087692,.037836995,176.18246,264.85056,261.42206,7.5126877,1.2527828,-.12336726,.36346814,1.2847435e-07,.000076188633,.000048911392,7.1268033e-07,.00041613315,.00026864884,3.0696626e-07,.00016973709,.00011001388,3.9805670e-07,.00023296972,.00015059111,1.2081699e-07,.000062762272,.000040867548,7.6573583e-09,.000013426361,8.0438449e-06,108.30849,112.27525,108.68895,95.054306,97.63765,95.276527,127.5416,130.12494,127.76383,16.333366,18.944483,16.55559,1.1766894,1.1850315,1.1773946,-.48977652,-.46843526,-.47061354,.18028969,.18308716,.18206441,12,9,11,6,8,7,9,9,10,8,1,1,4,4,55,38,6,41,46,13
2018,Upper Sioux,Upper Sioux Community,82,R,Upper Sioux Community,1.6254146,1.4183985,349261,259503,.00034591317,.072741643,.0023626401,0,.0020167269,0,.00034591317,123.50922,214.49521,214.49521,16.888924,1.6263182,-.4604525,.1833386,.52262598,.2458825,.21444264,.12103772,.062300872,197.41147,266.34604,262.4071,10.180117,1.2756855,-1.2414926e-09,.33501783,.20287231,.50874692,.3343398,.1365796,.16504481,.037827495,249.97003,309.05048,318.38602,8.2889967,1.3295362,-.21803889,.39469829,.15948673,.53957325,.13787062,.30951822,.067302339,.09218438,133.23422,214.20126,181.24086,12.489292,1.1973439,.26623899,.26214433,.15950859,.48326793,.21080883,.15286888,.10507996,.03095335,204.42227,284.43594,291.12512,7.6084881,1.2703981,-.14475809,.3529003,8.5081764e-09,.000014918179,8.9376053e-06,2.8552753e-07,.00018464483,.00011838159,0,0,0,2.7701935e-07,.00016972664,.00010944399,0,0,0,8.5081764e-09,.000014918179,8.9376053e-06,122.00351,130.15007,122.78728,214.44522,216.08411,214.66743,214.44522,216.08411,214.66743,16.333366,18.944483,16.55559,1.6178131,1.6329169,1.6297772,-.49335209,-.45621601,-.45984176,.029798094,.080793917,.075498268,12,9,11,10.5,8,11,9,9,11,8,5,9,4,10,85,0,15,41,47,12
2012,White Earth,White Earth Reservation,86,R,White Earth Band,898.5296,563.29407,349261,259503,.18102285,.32913134,.39232922,.020429946,.19087644,0,.18102285,76.266853,317.19852,,41.115105,,.67461056,.0386969,.5348947,.19158287,.30461493,0,.0386969,165.04706,245.78123,,35.264988,,-6.5270100e-10,.054010592,.016329851,.48531702,.25363493,.21535224,0,.016329851,202.43025,251.13664,,17.787479,,-.43156007,.03597733,.066008456,.59543216,.11581349,.41361022,0,.066008456,119.39986,239.24196,,56.606106,,.52696162,.076030329,.0016955917,.49562806,.16701594,.23368755,0,.0016955917,168.67125,242.06996,,12.500026,,-.17660937,.0041277604,0,.19437647,.000054723198,6.5438932e-11,.53435582,.26462939,0,2.1238285e-13,0,5.4107756e-29,.23797627,.10519259,0,0,0,0,.19437647,.000054723198,47.50457,109.69644,69.664749,114.99538,425.63391,401.32831,,,,3.1111174,58.861229,16.972256,,,,-.12544739,.96004122,.73914891,0,.54721141,.3502638,12,6,7,8,2,6.5,6,4,6,4,8,,8,,49,5,46,57,36,7
2013,White Earth,White Earth Reservation,86,R,White Earth Band,898.5296,563.29407,349261,259503,.27483553,.61275703,.40076932,.020429946,.19943161,.093927771,.18090776,78.206528,141.62677,120.14761,19.84193,.95136625,.6326794,.11274216,.5584662,.2060665,.31070444,.071046881,.041695278,170.82504,220.14426,246.10498,16.989559,1.5036138,6.9546702e-10,.18093015,.12411853,.4986423,.27688378,.20767923,.11003927,.014079258,210.10277,255.72041,276.25183,13.898079,1.4023361,-.27833655,.24179278,.098850906,.63151497,.1195942,.4365046,.023434754,.075416148,122.86449,176.70358,209.29378,20.764448,1.6272802,.33986616,.10661311,.081345603,.5121603,.1799643,.23593025,.044105411,.0018471254,174.93257,238.03322,265.6413,12.412881,1.4365072,-.11446296,.16545573,1.3718949e-20,.29703474,.12065508,2.1727287e-10,.53435582,.27045152,0,2.1238285e-13,0,5.0689724e-30,.23797627,.10686152,0,.10803016,9.9511385e-07,0,.19437647,.0005773165,49.490028,115.86761,69.812843,101.77924,164.47382,137.0571,95.154137,144.76099,116.58984,3.1111174,32.666733,15.944476,.83622873,1.0317,.94960868,-.050571036,.84369725,.5088346,.37774602,1,.59783715,12,5,7,8,2,1,5,2,6,2,5,2,5,2,50,5,45,56,37,7
2014,White Earth,White Earth Reservation,86,R,White Earth Band,898.5296,563.29407,349261,259503,.4764652,.72324067,.57933146,.02703655,.21565165,.13982192,.33664328,57.702045,135.0988,117.6469,14.155942,.94842726,1.0787371,.14917329,.58581603,.23326772,.29651099,.093135968,.056037318,169.09805,223.2364,237.77991,10.806197,1.4223517,1.3224108e-10,.23537487,.1548647,.53177434,.30802298,.19823626,.1293496,.025515107,209.7149,258.0687,273.70966,9.0229177,1.3640947,-.27881455,.28396159,.14222372,.65180427,.14198691,.41651052,.048916884,.093306825,119.50237,180.70401,193.90744,12.983691,1.4934872,.34044987,.17604747,.11941184,.54117668,.20257875,.22597989,.065413721,.021956054,173.32027,240.6362,254.02663,8.0444069,1.3888881,-.1487809,.22529462,5.6202964e-13,.52437073,.38795483,1.8179388e-09,.85863531,.48337725,0,4.9922263e-15,0,4.7958562e-17,.24667564,.11464065,0,.13973008,8.3842979e-06,2.0834327e-17,.39605108,.32238111,27.137541,93.257263,47.366245,90.213402,151.40797,125.32458,90.213402,139.90274,118.0953,3.9539564,23.628839,8.2874146,.72301787,1.1454446,.85101241,.23322433,1.3490684,1.0779145,.65781695,.99999994,.81810486,12,2,5,6,2,1,4,1,3,3,2,2,2,2,37,5,58,51,40,10
2015,White Earth,White Earth Reservation,86,R,White Earth Band,898.5296,563.29407,349261,259503,.36053228,.68960005,.4813447,0,.23989891,.1190865,.24144579,63.328472,250.05948,145.3118,16.201603,1.2486914,.93128514,.1571209,.5579595,.22679776,.27366361,.099622801,.05749809,172.20628,229.06659,234.30888,10.534803,1.3604409,4.6666238e-10,.26617271,.16920049,.51001132,.30203423,.17795667,.13918005,.030020433,214.48586,265.24478,278.92871,8.7821188,1.353738,-.2660127,.3238478,.14237095,.61650711,.13492937,.39052776,.051320944,.091050014,120.5803,184.89079,179.8253,12.67494,1.3686256,.32481799,.19574787,.13152398,.51399022,.20070736,.20140466,.07495261,.026161147,178.49532,248.6633,253.5575,7.9022145,1.3498224,-.15025853,.26232243,9.7895896e-16,.4256275,.32211843,1.7712196e-14,.64143926,.40523252,0,0,0,3.8320054e-16,.35595763,.10336226,0,.13670327,5.1076796e-16,5.8783694e-20,.35026386,.21125244,29.697048,97.806374,64.079109,235.41681,268.75021,241.75015,112.83344,167.80566,135.86115,4.3157787,24.722271,11.966152,1.0423284,1.3943708,1.0732332,-.061042707,1.2143894,.98225862,.6487453,.99827522,.76256669,12,3,6,10.5,2,1,4,1,3,3,11,3,5,4,50,0,50,49,41,10
2016,White Earth,White Earth Reservation,86,R,White Earth Band,898.5296,563.29407,349261,259503,.34659502,.6488933,.46614328,0,.24761114,.12806287,.21853213,67.593704,201.10448,151.18941,20.674971,1.0950147,.84801996,.17349893,.54536021,.23544866,.24874178,.11232919,.061169744,180.23764,249.16425,248.77882,13.291072,1.3652824,6.7520856e-10,.30411661,.1917012,.51860923,.31794,.16105661,.15208855,.039612651,222.11203,277.70114,285.78854,8.1988544,1.3164439,-.22413506,.36608848,.15127282,.57802474,.13472164,.35581079,.063780524,.087492295,129.10641,214.31894,196.17691,19.508986,1.4347159,.2736828,.22844511,.15205732,.51103741,.20528212,.18031928,.091876112,.032526162,180.67175,262.80194,265.64154,7.4830885,1.2960076,-.12348117,.30563268,1.4670101e-15,.41318765,.3314333,2.5546801e-13,.62641239,.38967347,0,0,0,2.8830558e-19,.3610664,.0043289419,0,.14818968,1.2023382e-14,7.4356232e-38,.30174455,.037238464,22.361156,126.51421,53.705894,124.82854,250.69397,223.38054,83.976387,208.47166,136.13893,3.9819336,28.444498,11.944468,.74225962,1.1014698,.9396857,-.17298,1.1872811,.84185666,.41809604,.99938565,.70746577,12,2,6,10,2,2,4,1,3,5,6,2,6,2,53,0,47,46,43,11
2017,White Earth,White Earth Reservation,86,R,White Earth Band,898.5296,563.29407,349261,259503,.35277939,.67008668,.44788015,0,.2249129,.12981214,.22296725,71.805199,579.51355,138.86533,58.66119,1.0183072,.70883179,.20028403,.54869336,.25461191,.22409937,.12974453,.070539512,177.0968,266.64069,242.41585,16.556353,1.3080291,3.0665989e-10,.34396562,.21748964,.53602523,.34291685,.14553605,.16980168,.047687959,220.6983,274.22,282.50162,8.1945629,1.2935365,-.21263325,.3981843,.17927492,.56416196,.14678609,.32003006,.08083225,.098442666,123.85667,257.38586,186.69583,26.766617,1.3283236,.2596384,.27776128,.17801599,.51884514,.22063032,.16179247,.11087692,.037836995,176.18246,264.85056,261.42206,7.5126877,1.2527828,-.12336726,.36346814,1.4670101e-15,.41361445,.2284691,2.2213761e-10,.61556411,.36610779,0,0,0,1.2952347e-16,.30727181,.026743717,0,.12965791,1.9544877e-06,7.4356232e-38,.30174455,.037238464,23.447584,118.20742,64.43557,384.7504,841.39539,428.58383,116.70553,133.61118,123.58524,4.024354,28.444498,11.944468,.88339573,1.1262803,1.0827352,-.34339216,1.0083107,.68195224,.42241368,.99999923,.77956635,12,3,6,11,2,4,4,3,4,5,10,2,8,3,50,0,50,41,46,13
2018,White Earth,White Earth Reservation,86,R,White Earth Band,898.5296,563.29407,349261,259503,.36912537,.67560112,.46251398,0,.25774235,.16435373,.20477164,75.547379,261.15891,148.97992,18.198759,1.0271386,.8123855,.1833386,.52262598,.2458825,.21444264,.12103772,.062300872,197.41147,266.34604,262.4071,10.180117,1.2756855,-1.2414926e-09,.33501783,.20287231,.50874692,.3343398,.1365796,.16504481,.037827495,249.97003,309.05048,318.38602,8.2889967,1.3295362,-.21803889,.39469829,.15948673,.53957325,.13787062,.30951822,.067302339,.09218438,133.23422,214.20126,181.24086,12.489292,1.1973439,.26623899,.26214433,.15950859,.48326793,.21080883,.15286888,.10507996,.03095335,204.42227,284.43594,291.12512,7.6084881,1.2703981,-.14475809,.3529003,1.4307796e-14,.36801091,.2284691,4.0712923e-11,.5620454,.38525912,0,0,0,0,.31221762,.0011454541,0,.15524209,2.3360401e-06,7.4356232e-38,.30174455,.032347195,37.0592,120.77032,76.875557,229.72229,282.50018,265.40607,122.37013,160.69449,127.64946,4.3713427,28.444498,11.944468,.82779342,1.0647627,1.0224209,-.31683934,1.0049052,.65521514,.3903532,1,.99927908,12,2,6,10.5,1,2,4,2,3,5,9,2,7,4,56,0,44,41,47,12
