year,mnlegdist,s_mnlegdist_N_below_supply,s_mnlegdist_N_above_cost,s_mnlegdist_N_below_quality
2017,10A,.42141229,.013667426,.49658313
2019,10A,.42596811,.01594533,.5763098
2014,10A,.36902049,.01594533,.38496584
2013,10A,.35990888,.0022779044,.23690204
2012,10A,.36902049,.0022779044,
2020,10A,.46241459,.01594533,.57858771
2018,10A,.38952163,.01594533,.55353075
2015,10A,.3781321,.01594533,.49430525
2016,10A,.45330295,.01594533,.32118452
2016,10B,.71279371,.06005222,.19321148
2017,10B,.73107052,0,.27154046
2020,10B,.72845954,.020887729,.19582245
2019,10B,.74673629,.01305483,.21148825
2015,10B,.69190603,.05221932,.24020888
2018,10B,.69451696,.0078328978,.23759791
2013,10B,.63446474,0,.1305483
2014,10B,.66318536,.057441253,.19582245
2012,10B,.65013057,.010443864,
2016,11A,.54060912,.017766498,.54060912
2012,11A,.677665,.002538071,
2014,11A,.49492386,.005076142,.49238577
2019,11A,.50253808,.02284264,.57614213
2020,11A,.51522845,0,.56091368
2013,11A,.53807104,0,.19796954
2017,11A,.48984772,.060913704,.54568529
2015,11A,.51269037,.010152284,.5076142
2018,11A,.48477158,.002538071,.49746192
2019,11B,.69060773,0,.27348065
2020,11B,.70718235,.038674034,.27348065
2013,11B,.66850829,.011049724,.20994475
2014,11B,.67403316,.0082872929,.31491712
2017,11B,.69889504,.0055248621,.27900553
2018,11B,.71270716,.0055248621,.21823205
2015,11B,.69889504,0,.2845304
2012,11B,.66850829,.03038674,
2016,11B,.69337016,.049723756,.26519337
2019,12A,.49526066,0,.32701421
2014,12A,.43127963,.0071090045,.26303318
2020,12A,.46919432,.0023696683,.30805686
2016,12A,.46682465,0,.32938388
2017,12A,.46919432,0,.30094787
2012,12A,.53317535,.0047393367,
2013,12A,.42180094,.0071090045,.24644549
2018,12A,.47156399,0,.31042653
2015,12A,.45260665,0,.38388625
2020,12B,.44967881,.025695931,.1006424
2012,12B,.36188436,0,
2016,12B,.41327623,0,.1477516
2018,12B,.4111349,.025695931,.16488223
2019,12B,.40042827,.02783726,.18629551
2017,12B,.41755888,.0064239828,.26124197
2015,12B,.39400429,0,.16916488
2013,12B,.37687367,0,.11349037
2014,12B,.38758031,0,.16488223
2013,13A,.37889689,0,.011990407
2015,13A,.40767387,.026378896,.18705036
2014,13A,.41726619,.033573143,.18705036
2012,13A,.38129497,0,
2017,13A,.39808154,.016786572,.17505996
2016,13A,.40767387,.0047961632,.1822542
2019,13A,.40047961,.050359711,.16067146
2018,13A,.40047961,.026378896,.17505996
2020,13A,.39568347,.016786572,.23741007
2016,13B,.35215947,.0033222591,.18438539
2019,13B,.57475084,.038205981,.086378738
2013,13B,.36046511,0,.013289036
2017,13B,.47674417,.0033222591,.093023255
2018,13B,.42026579,.0049833888,.13122924
2020,13B,.4551495,.0033222591,.12292359
2015,13B,.38870433,0,.29235882
2014,13B,.35714287,0,.08139535
2012,13B,.36710963,0,
2012,14A,.58333331,0,
2014,14A,.6199187,.06300813,.18292683
2013,14A,.60569108,0,.11585366
2017,14A,.69308943,.0040650405,.31504065
2016,14A,.66666669,0,.29471543
2018,14A,.74186993,.0020325202,.2906504
2020,14A,.77032518,.0020325202,.39837399
2015,14A,.65040648,.014227643,.34349594
2019,14A,.71138209,.012195121,.40853658
2012,14B,.40246406,0,
2020,14B,.39219713,.012320329,.64681727
2017,14B,.3429158,.049281314,.52566737
2013,14B,.35523614,0,.4804928
2019,14B,.41683778,.016427105,.68993843
2016,14B,.32854208,.053388089,.53182751
2014,14B,.32238194,0,.62012321
2015,14B,.33470225,0,.71457905
2018,14B,.33470225,.04106776,.60164273
2014,15A,.57964599,.0066371681,.15486726
2019,15A,.61283183,.0022123894,.2920354
2013,15A,.57964599,.0044247787,.13716814
2017,15A,.60840708,.0022123894,.31858408
2012,15A,.59292036,.026548672,
2016,15A,.5818584,.055309735,.15265487
2018,15A,.60176992,0,.32079646
2020,15A,.61504424,0,.31637168
2015,15A,.56637168,.0066371681,.15265487
2015,15B,.62575454,.0040241447,.088531189
2019,15B,.62977868,.10462777,.0080482895
2020,15B,.63782698,.086519115,.0080482895
2013,15B,.57344067,.0060362173,0
2017,15B,.6056338,.06639839,.060362171
2016,15B,.5895372,.082494967,.070422538
2018,15B,.60160965,.084507041,.06639839
2014,15B,.59959757,.0060362173,.04225352
2012,15B,.5895372,0,
2014,16A,.32321042,.0021691974,.22993493
2016,16A,.30585682,.0065075923,.2451193
2017,16A,.38394794,.0065075923,.18655097
2018,16A,.31670281,.0043383949,.164859
2012,16A,.33405641,0,
2019,16A,.35357916,.013015185,.42299348
2013,16A,.32971799,0,.20607375
2015,16A,.31670281,.0043383949,.20390455
2020,16A,.39479393,.0086767897,.44468546
2013,16B,.27901787,0,.013392857
2017,16B,.2700893,.002232143,.55133927
2019,16B,.27901787,0,.11160714
2015,16B,.2611607,0,.35714287
2020,16B,.25892857,.022321429,.33482143
2016,16B,.30580357,0,.234375
2012,16B,.28348213,0,
2018,16B,.2857143,0,.234375
2014,16B,.28125,0,.3236607
2015,17A,.44273129,0,.37004405
2017,17A,.47577092,0,.20925111
2012,17A,.42070484,0,
2019,17A,.64317179,.0022026431,.094713658
2018,17A,.47136563,0,.30616739
2013,17A,.4229075,.0022026431,.43392071
2020,17A,.53303963,0,.090308368
2014,17A,.40969163,.0022026431,.52643174
2016,17A,.46696034,.0022026431,.31277534
2014,17B,.47859922,.0019455253,.39883268
2019,17B,.52723736,0,.3929961
2017,17B,.49805447,0,.43579766
2018,17B,.46303502,0,.41245136
2013,17B,.52140075,.0019455253,.19066148
2015,17B,.47276264,.0019455253,.41634241
2020,17B,.45719844,0,.40466926
2016,17B,.4844358,0,.44357976
2012,17B,.50389105,0,
2016,18A,.45475638,.0023201855,.28538284
2019,18A,.47099769,0,.33874711
2014,18A,.47563806,0,.24825986
2012,18A,.47795823,0,
2017,18A,.45939675,0,.42227378
2015,18A,.44315544,0,.23897912
2013,18A,.4825986,0,.011600928
2018,18A,.47099769,0,.28074247
2020,18A,.50116009,0,.26450115
2016,18B,.41371682,0,.3539823
2013,18B,.36504424,0,.2300885
2017,18B,.40929204,0,.43362832
2012,18B,.3318584,0,
2015,18B,.34734514,0,.43141592
2019,18B,.44690266,.0044247787,.33849558
2018,18B,.4159292,.0022123894,.24336283
2020,18B,.45132744,.0022123894,.32079646
2014,18B,.31858408,0,.40486726
2016,19A,.30848861,.01242236,.17805383
2015,19A,.27950311,.0041407868,.2173913
2013,19A,.25051761,0,.12836438
2017,19A,.28985506,.01242236,.23188406
2012,19A,.24430642,0,
2020,19A,.25879917,.016563147,.29399586
2019,19A,.27536231,.016563147,.22153209
2018,19A,.35403726,.01242236,.24223602
2014,19A,.36231884,.0062111802,.32712215
2018,19B,.4329114,0,.49620253
2017,19B,.40000001,0,.51392406
2013,19B,.23037975,0,.47594938
2016,19B,.35189873,0,.46835443
2019,19B,.34177214,0,.51139241
2014,19B,.33164558,0,.51139241
2015,19B,.37974682,0,.50379747
2020,19B,.43797469,0,.54177213
2012,19B,.25316456,0,
2015,1A,.42716536,.0019685039,.17519686
2018,1A,.44881889,.0059055118,.062992126
2020,1A,.48425198,.0078740157,.22637795
2012,1A,.37795275,.0019685039,
2014,1A,.40157479,.0019685039,.27165353
2016,1A,.41732284,.0098425196,.17716536
2017,1A,.43503937,.015748031,.15551181
2013,1A,.39960629,.0019685039,.25984251
2019,1A,.44488189,.0098425196,.13188976
2012,1B,.36585367,.0060975607,
2017,1B,.33536586,.0040650405,.54674798
2014,1B,.3699187,0,.53658539
2016,1B,.33536586,.014227643,.54471546
2018,1B,.34959349,.008130081,.54674798
2013,1B,.35365853,.0020325202,.46138212
2015,1B,.34959349,0,.53252035
2020,1B,.37804878,.030487806,.4105691
2019,1B,.39837399,.034552846,.53861791
2019,20A,.58378381,.012612613,.016216217
2018,20A,.53153151,.01981982,.14054054
2014,20A,.41441441,.045045044,.22162162
2017,20A,.59819818,.023423424,.097297296
2013,20A,.2972973,.045045044,0
2016,20A,.45045045,.1009009,.14414415
2012,20A,.25765765,.037837837,
2015,20A,.45045045,.041441441,.18378378
2020,20A,.7027027,.032432433,.079279281
2013,20B,.49144253,0,.09535452
2019,20B,.49633253,.044009779,.017114915
2020,20B,.5134474,.0073349634,.16381419
2014,20B,.54767728,.03422983,0
2012,20B,.47677261,.070904642,
2015,20B,.50855744,.073349632,.070904642
2016,20B,.56234717,.19315404,.06845966
2018,20B,.50366747,.036674816,.073349632
2017,20B,.55256724,.080684595,.1002445
2014,21A,.39793283,.010335918,.10594315
2013,21A,.374677,0,.054263566
2015,21A,.44444445,.007751938,.27390182
2012,21A,.34625322,.010335918,
2020,21A,.4108527,.018087855,.34366927
2016,21A,.42635658,.007751938,.45736435
2019,21A,.35400516,.04134367,.38759691
2018,21A,.40826872,.025839793,.39018089
2017,21A,.46253231,.07751938,.39018089
2018,21B,.48734176,0,.28902954
2016,21B,.48101267,.0042194091,.20886075
2017,21B,.52531648,.0021097045,.18354431
2013,21B,.44725737,.0021097045,.035864979
2014,21B,.46835443,.0063291141,.16244726
2012,21B,.43459916,.014767933,
2020,21B,.47257385,.0042194091,.32278481
2015,21B,.42194092,.0021097045,.1329114
2019,21B,.49578059,.016877636,.17088607
2013,22A,.36247334,0,.0021321962
2017,22A,.36034116,0,.44776121
2016,22A,.35607675,.0042643924,.36886993
2020,22A,.34754798,.010660981,.51172709
2018,22A,.37953091,.0042643924,.17484009
2019,22A,.43283582,.010660981,.3283582
2015,22A,.36247334,0,.23880596
2012,22A,.3944563,0,
2014,22A,.34754798,0,.27505329
2014,22B,.65248227,0,.18971631
2012,22B,.64716309,0,
2015,22B,.61879432,0,.17021276
2018,22B,.67021275,0,.25
2016,22B,.67907804,0,.18085106
2020,22B,.70567375,0,.39007092
2017,22B,.66134751,0,.25354609
2013,22B,.64539009,0,.088652484
2019,22B,.74290782,0,.2890071
2014,23A,.40487805,0,.24146341
2012,23A,.39512196,.0048780488,
2016,23A,.38536584,.0073170732,.25365853
2015,23A,.40487805,.0024390244,.24390244
2017,23A,.39024389,.0097560976,.26341462
2020,23A,.44634145,.0024390244,.30487806
2019,23A,.45365855,.0097560976,.21951219
2013,23A,.41707316,.0024390244,.13414635
2018,23A,.38292682,0,.28536585
2017,23B,.46202531,.016877636,.28270042
2016,23B,.65822786,.052742615,.27426159
2018,23B,.66666669,0,.13502109
2012,23B,.32489452,.0084388182,
2019,23B,.61392403,.0042194091,.14345992
2014,23B,.59282702,.025316456,.16455697
2015,23B,.57172996,.012658228,.44303799
2013,23B,.35232067,.027426161,.014767933
2020,23B,.70042193,.0042194091,.23628692
2014,24A,.31400001,.0040000002,.47999999
2019,24A,.456,.0099999998,.382
2012,24A,.1,0,
2017,24A,.472,.0040000002,.37200001
2013,24A,.15800001,0,.51800001
2015,24A,.31999999,.0040000002,.48199999
2020,24A,.54400003,.014,.32600001
2016,24A,.42399999,.0040000002,.32800001
2018,24A,.41,.0040000002,.41800001
2015,24B,.85772359,.0060975607,.067073174
2012,24B,.82723576,.016260162,
2016,24B,.88414633,.0040650405,.091463417
2017,24B,.88821137,.0020325202,.11178862
2018,24B,.8800813,.0020325202,.28048781
2013,24B,.86178863,0,0
2014,24B,.87804878,0,.091463417
2019,24B,.88821137,.008130081,.097560972
2020,24B,.89024389,.0040650405,.095528454
2020,25A,.38927335,.48442906,.37197232
2012,25A,.35294119,.27854672,
2014,25A,.35986158,.41176471,.34256056
2019,25A,.30968857,.48615918,.3615917
2017,25A,.29757786,.48615918,.23356402
2015,25A,.34083045,.34602076,.35986158
2016,25A,.38927335,.32352942,.14705883
2018,25A,.27335641,.4515571,.29065743
2013,25A,.36678201,.28027681,.21107267
2017,25B,.13978495,1,.97311831
2016,25B,.13799283,.98387098,.98387098
2018,25B,.11648746,.98387098,.98566306
2019,25B,.068100356,1,.98566306
2020,25B,.059139784,1,.96953404
2014,25B,.021505376,.82437277,.99283153
2012,25B,.087813623,.91756272,
2015,25B,.055555556,.99820787,.98924732
2013,25B,.098566309,.86021507,.94802868
2013,26A,.14836223,.20809248,.78420037
2015,26A,.15028901,.60308284,.82851636
2017,26A,.24277456,.50481695,.7283237
2020,26A,.15606937,.4566474,.84585744
2019,26A,.15414259,.46050096,.84007704
2016,26A,.21387284,.34104046,.75529867
2012,26A,.11175337,.13872832,
2014,26A,.16570328,.35067436,.81695569
2018,26A,.22350675,.35838151,.7090559
2020,26B,.3968254,.19312169,.64285713
2015,26B,.35978836,.20634921,.49470899
2018,26B,.35449734,.18518518,.57936507
2013,26B,.34391534,.17989418,.37830687
2014,26B,.37830687,.16931216,.39417988
2019,26B,.38624337,.19047619,.55026454
2017,26B,.3994709,.19312169,.53703701
2012,26B,.33862433,.2037037,
2016,26B,.36772487,.1984127,.43915343
2020,27A,.6981982,.0067567569,.38513514
2017,27A,.6081081,0,.490991
2014,27A,.47522524,0,.25
2019,27A,.61936939,0,.41891891
2018,27A,.52252251,0,.50225228
2012,27A,.47297296,0,
2016,27A,.52702701,.0022522523,.074324325
2013,27A,.49324325,0,.18018018
2015,27A,.48873875,.0022522523,.054054055
2015,27B,.88819873,0,.041407868
2014,27B,.7453416,0,.041407868
2012,27B,.74741203,0,
2018,27B,.90683228,0,.4037267
2013,27B,.75569355,0,0
2019,27B,.87163562,0,.30641821
2020,27B,.89440995,0,.38923395
2017,27B,.89855075,0,.20496894
2016,27B,.90062112,.018633541,.37681159
2018,28A,.40701753,.010526316,.33333334
2014,28A,.36842105,.003508772,.46666667
2015,28A,.3859649,.003508772,.4877193
2012,28A,.3754386,0,
2017,28A,.44210526,.014035088,.40000001
2019,28A,.40701753,.014035088,.37894738
2016,28A,.40701753,.003508772,.40350878
2013,28A,.37894738,0,.41052631
2020,28A,.40350878,.014035088,.58245611
2012,28B,.33571428,.0047619049,
2020,28B,.52380955,0,.3595238
2015,28B,.40476191,0,.23333333
2013,28B,.33571428,0,.12619048
2019,28B,.59523809,.01904762,.38809523
2016,28B,.37142858,.097619049,.29285714
2018,28B,.40238094,0,.44047618
2017,28B,.39285713,.026190476,.36666667
2014,28B,.34285715,0,.16904762
2013,29A,.65849388,.26619965,.042031523
2016,29A,.67075306,.026269702,.049036779
2012,29A,.71978986,.15586691,
2020,29A,.56742555,.054290719,.25218913
2017,29A,.67250437,.05078809,.047285464
2019,29A,.5359019,.064798601,.234676
2014,29A,.61821365,.11383538,.13485114
2018,29A,.66725045,.32224169,.036777582
2015,29A,.67075306,.019264448,.047285464
2017,29B,.54363638,.0018181818,.37454545
2014,29B,.49636364,.038181819,.49636364
2020,29B,.55818182,.11818182,.33818182
2016,29B,.48727274,.041818183,.57454544
2018,29B,.56727272,.07090909,.53454548
2013,29B,.51636362,0,.050909091
2019,29B,.66000003,.12545455,.28
2015,29B,.5090909,.027272727,.42727274
2012,29B,.46727273,0,
2013,2A,.79777777,0,.14222223
2018,2A,.80444443,0,.12222222
2019,2A,.77999997,.0022222223,.19555555
2020,2A,.77777779,0,.18222222
2014,2A,.81777775,0,.17777778
2017,2A,.81777775,.0022222223,.15111111
2012,2A,.79777777,.013333334,
2016,2A,.79111111,.0044444446,.17777778
2015,2A,.79333335,0,.20666666
2012,2B,.67870039,0,
2015,2B,.63718414,0,.35740072
2020,2B,.63176894,0,.38808665
2017,2B,.64440435,.0090252711,.35920578
2016,2B,.62274367,.0036101083,.40794224
2013,2B,.67509025,0,.3429603
2019,2B,.64259928,0,.35559568
2014,2B,.58844763,0,.39350182
2018,2B,.67328519,0,.35559568
2017,30A,.53588516,.39872408,0
2014,30A,.42743221,.42902711,.092503987
2020,30A,.59968102,.57894737,.26953748
2019,30A,.60765553,.53907496,.051036682
2015,30A,.43700159,.29665071,.084529504
2013,30A,.3875598,.23923445,.20255183
2018,30A,.52631581,.44338119,.0015948963
2012,30A,.40988836,.35885167,
2016,30A,.44019139,.42743221,.0047846888
2018,30B,.78104991,.26632524,.09346991
2017,30B,.78104991,.26504481,.075544171
2016,30B,.77080667,.22663252,.10755442
2012,30B,.58898848,.37516004,
2020,30B,.80537772,.52752882,.070422538
2015,30B,.8117798,.18822023,.11651728
2013,30B,.59923178,.29833546,.12419974
2014,30B,.69654292,.21638924,.1177977
2019,30B,.78361076,.33162612,.087067865
2016,31A,.66101694,.16101696,.038135592
2014,31A,.56991524,.38771185,.025423728
2012,31A,.53177965,.12288135,
2015,31A,.50423729,.3898305,.036016949
2020,31A,.66525424,.26271185,.025423728
2019,31A,.70974576,.33050847,.023305085
2017,31A,.74788135,.37288135,.021186441
2018,31A,.64406782,.28389829,.036016949
2013,31A,.57838982,.18432203,.016949153
2015,31B,.75308645,.12592593,.1037037
2014,31B,.70123458,.37037036,.086419754
2017,31B,.79259259,.25925925,.054320987
2016,31B,.77777779,.10864197,.0691358
2020,31B,.73086423,.47654322,.039506175
2018,31B,.7234568,.35061729,.061728396
2012,31B,.66172838,.24444444,
2019,31B,.78024691,.4419753,.041975308
2013,31B,.7037037,.28148147,.022222223
2015,32A,.69555032,.030444965,.2974239
2014,32A,.69320846,.051522247,.23653395
2012,32A,.72833723,.05386417,
2013,32A,.70725995,.0070257611,.18032786
2020,32A,.7259953,.025761124,.21077283
2019,32A,.65339577,.032786883,.20608899
2017,32A,.76580799,.023419203,.16861826
2018,32A,.6885246,.018735362,.36065573
2016,32A,.77985948,.028103044,.37236533
2012,32B,.57369614,.20408164,
2018,32B,.6122449,.083900228,.18594104
2014,32B,.57369614,.049886622,.29251701
2016,32B,.66439909,.040816326,.17233559
2020,32B,.66213155,.32653061,.27891156
2019,32B,.49659863,.26077098,.34693879
2015,32B,.6122449,.047619049,.25170067
2013,32B,.58276641,.12471655,.24489796
2017,32B,.51247168,.058956917,.37188208
2018,33A,.71590906,.80681819,.33806819
2017,33A,.71306819,.75,.31818181
2013,33A,.8125,.72443181,.11363637
2012,33A,.81534094,.72727275,
2019,33A,.69602275,.72443181,.32386363
2015,33A,.73863637,.79545456,.34090909
2016,33A,.71022725,.78693181,.36363637
2014,33A,.75852275,.75852275,.32102272
2020,33A,.70738637,.68181819,.32386363
2013,33B,.74083769,.94502616,.47905758
2017,33B,.41361257,.76963353,.47905758
2019,33B,.42670158,.75392669,.4764398
2020,33B,.40837696,.75130892,.51047122
2018,33B,.42931938,.82984293,.473822
2014,33B,.69895285,.79581153,.51570678
2012,33B,.66753924,.97120416,
2016,33B,.50785339,.84031415,.49476439
2015,33B,.513089,.79842931,.58115184
2015,34A,.70419848,.92175573,.23282443
2020,34A,.61832058,.97519082,.4923664
2017,34A,.73091602,.94656491,.30343512
2012,34A,.67748094,.88740456,
2014,34A,.70610684,.91221374,.2461832
2019,34A,.55916029,.98473281,.51908398
2013,34A,.68893129,.88167942,.26526716
2016,34A,.68702292,.91030532,.34732825
2018,34A,.5706107,.94847327,.53244275
2012,34B,.5102362,1,
2013,34B,.53543305,1,.52440947
2017,34B,.4062992,1,.56850392
2020,34B,.4031496,1,.59212601
2015,34B,.45984253,1,.54330707
2018,34B,.38740158,1,.58110237
2019,34B,.40157479,1,.52913386
2014,34B,.49606299,1,.52755904
2016,34B,.40157479,1,.5905512
2016,35A,.38913044,.69130433,.45652175
2017,35A,.42391303,.76086956,.42608696
2014,35A,.34782609,.85869563,.55869567
2013,35A,.34347826,.88043481,.53043479
2019,35A,.44130436,.88913041,.39347827
2020,35A,.41956523,.90652174,.38913044
2015,35A,.38260868,.89130437,.51086956
2018,35A,.4152174,.72173911,.48695651
2012,35A,.34130436,.86739129,
2014,35B,.43933055,.74686193,.52719665
2012,35B,.33054394,.71757323,
2015,35B,.44351465,.751046,.51882845
2013,35B,.35564855,.68828452,.54811716
2016,35B,.39748955,.68410039,.57531381
2017,35B,.39958158,.69456065,.52510458
2020,35B,.34937239,.84100419,.52301258
2018,35B,.39539748,.64225942,.57740587
2019,35B,.39958158,.85355651,.52510458
2012,36A,.49693251,.9447853,
2018,36A,.40695298,.86707568,.44376278
2015,36A,.5398773,.87321061,.58077711
2019,36A,.62781185,1,.27198365
2013,36A,.46216768,.96114522,.63394684
2014,36A,.56032717,.87525564,.58077711
2017,36A,.50920248,.83640081,.39468303
2020,36A,.50920248,1,.33333334
2016,36A,.45194274,.86298567,.58077711
2014,36B,.76033056,.75826448,.46487603
2013,36B,.78099173,.83471072,.35537189
2015,36B,.61776859,.92148763,.59504133
2020,36B,.59710741,.85123968,.54338843
2018,36B,.58677685,.91942149,.45867768
2017,36B,.57024795,.73966944,.6095041
2012,36B,.8140496,.79752064,
2016,36B,.63429755,.91115701,.50413221
2019,36B,.64876032,.98760331,.55991733
2014,37A,.42322096,.68913859,.81086141
2013,37A,.41760299,.56179774,.87078649
2020,37A,.5861423,.55992508,.76029962
2012,37A,.34831461,.53745317,
2018,37A,.72846442,.99625468,.5636704
2016,37A,.68164796,1,.70037454
2019,37A,.89887643,.99812734,.34269664
2017,37A,.59176028,.47940075,.82584268
2015,37A,.61610484,1,.50374532
2020,37B,.728836,1,.2037037
2018,37B,.68783069,1,.46296296
2012,37B,.7248677,1,
2013,37B,.79497355,1,.39814815
2016,37B,.73015875,1,.33333334
2014,37B,.76587301,1,.29100528
2015,37B,.8214286,1,.24735449
2017,37B,.68915343,1,.49867725
2019,37B,.69047618,1,.20105819
2014,38A,.45188284,.583682,.47907948
2012,38A,.48117155,.82008368,
2017,38A,.46652719,.60041839,.59623432
2015,38A,.45188284,.56485355,.51046026
2013,38A,.52510458,.84100419,.44351465
2016,38A,.43933055,.57112968,.50836819
2018,38A,.47071129,.54393303,.60669458
2019,38A,.51673639,.77405858,.55648535
2020,38A,.42887029,.85774058,.63598329
2012,38B,.74034333,.93133044,
2017,38B,.78540772,.90987122,.2639485
2020,38B,.82188839,.9034335,.49141631
2013,38B,.75107294,.92489272,.52360517
2018,38B,.80901289,.88626611,.49570817
2019,38B,.83476394,.89699572,.472103
2016,38B,.72103006,.93991417,.48068669
2015,38B,.72317594,.93133044,.44849786
2014,38B,.70600861,.95922744,.51287556
2019,39A,.58133972,.32535884,.54066986
2015,39A,.58612442,.63636363,.53588516
2017,39A,.63397127,.59330142,.5119617
2014,39A,.59330142,.58851677,.54066986
2020,39A,.58373207,.47846889,.52153111
2013,39A,.62918663,.69138753,.54306221
2016,39A,.61961722,.54784691,.5334928
2012,39A,.56937802,.69617224,
2018,39A,.61722487,.14593302,.53588516
2013,39B,.48299319,.82993197,.46938777
2017,39B,.44897959,.80952382,.49319729
2019,39B,.44557822,.6802721,.5
2015,39B,.47278911,.8605442,.46938777
2020,39B,.42517006,.84353739,.47278911
2014,39B,.41836736,.76530612,.50680274
2018,39B,.42857143,.67687076,.50680274
2012,39B,.46258503,.85034013,
2016,39B,.40816328,.80952382,.49659863
2014,3A,.6553846,.033846155,.23384616
2016,3A,.67076921,.030769231,.12615384
2013,3A,.63384616,.039999999,.16307692
2018,3A,.76923078,.021538461,.23076923
2020,3A,.86153847,.046153847,.19384615
2019,3A,.86769229,.039999999,.18461539
2012,3A,.80615383,.061538462,
2015,3A,.61846155,.027692307,.12307692
2017,3A,.85846156,.033846155,.25846153
2018,3B,.8143236,.0026525198,.068965517
2013,3B,.71618038,0,.074270554
2016,3B,.80106103,.021220159,.1724138
2019,3B,.76392573,.0053050397,.21485411
2017,3B,.81167108,0,.18037136
2020,3B,.7506631,.066312999,.21485411
2012,3B,.74801064,.010610079,
2014,3B,.7877984,0,.37665781
2015,3B,.79840851,0,.16976127
2013,40A,.96862745,1,.25490198
2018,40A,.83006537,.83790851,.64444447
2017,40A,.89803922,.875817,.48235294
2019,40A,.74248368,.87843138,.63921571
2016,40A,.8888889,.8261438,.58169937
2014,40A,.93071896,.99346405,.14901961
2015,40A,.85359478,.99346405,.5281046
2012,40A,.97647059,1,
2020,40A,.7764706,.77516341,.42222223
2020,40B,.99820465,.83842009,.10233393
2015,40B,1,1,.35906643
2016,40B,.99820465,.94793534,.497307
2014,40B,.99820465,1,.26211849
2013,40B,.99820465,1,.36983842
2019,40B,.99820465,.90843809,.54578096
2018,40B,.99640936,.96409333,.6606822
2012,40B,.99820465,1,
2017,40B,1,.97307003,.35906643
2017,41A,.85165793,.89877838,.55322862
2012,41A,.76963353,.90052354,
2019,41A,.947644,.88132638,.47294939
2013,41A,.79406631,.83420593,.66841185
2020,41A,.91448516,.93891799,.36823735
2015,41A,.83071554,1,.55148339
2014,41A,.84467715,.82547992,.72774869
2016,41A,.89005238,1,.57068062
2018,41A,.93368238,1,.60383946
2017,41B,.91810346,.99784482,.58189654
2016,41B,.95905173,1,.7241379
2012,41B,.99784482,1,
2013,41B,.99784482,.90517241,.29956895
2018,41B,.96982759,1,.44396552
2019,41B,.98922414,.87931037,.31896552
2015,41B,.99137932,.96551722,.36853448
2020,41B,.99784482,.97629309,.25
2014,41B,.99784482,.92887932,.30387932
2019,42A,.5949657,1,.57894737
2020,42A,.51945078,1,.75286043
2012,42A,.36613274,1,
2017,42A,.53546911,.98169339,.64073229
2013,42A,.53318077,1,.57665902
2016,42A,.58123571,.99313504,.72311211
2018,42A,.64530891,.97940505,.64530891
2014,42A,.5491991,.98169339,.82837528
2015,42A,.48970252,.99084669,.77116704
2016,42B,.86486489,1,.74012476
2012,42B,.75467777,1,
2017,42B,.82120579,1,.58004159
2020,42B,.76715177,1,.43451142
2014,42B,.86486489,1,.60914761
2015,42B,.7858628,.99584198,.64864862
2018,42B,.93347192,1,.51351351
2013,42B,.83783782,1,.70893973
2019,42B,.84615386,1,.50311852
2012,43A,.85772359,1,
2017,43A,.92276424,.84552848,.34349594
2020,43A,.93699187,.96544713,.51626015
2018,43A,.91260165,.84959352,.43902439
2016,43A,.97357726,.90650409,.47560975
2015,43A,.95325202,.97560978,.49796748
2019,43A,.85365856,.84146339,.56707317
2014,43A,.9512195,.98983741,.40853658
2013,43A,.92276424,1,.5711382
2016,43B,.5714286,.9978022,.71868134
2013,43B,.47692308,.9978022,.40219781
2018,43B,.69010991,.9978022,.36263737
2015,43B,.52307695,1,.7824176
2020,43B,.65934068,.9978022,.65494508
2019,43B,.66373628,.9978022,.64395607
2012,43B,.29450551,.9978022,
2014,43B,.40879121,.9978022,.44835165
2017,43B,.64175826,1,.30549452
2020,44A,.33003953,1,.59486169
2017,44A,.33992094,1,.62252963
2019,44A,.31620553,1,.54743081
2014,44A,.55138338,1,.80830038
2016,44A,.31818181,1,.69367588
2015,44A,.53359681,1,.79249012
2012,44A,.46442688,1,
2018,44A,.30039525,1,.63241106
2013,44A,.50395256,1,.82806325
2019,44B,.17174515,1,.89473683
2020,44B,.19390582,1,.87534624
2018,44B,.16343491,.98337948,.90027702
2016,44B,.21052632,1,.85318559
2012,44B,.43490306,1,
2017,44B,.16343491,1,.95844877
2014,44B,.33240998,1,.76177287
2015,44B,.33518004,1,.59556788
2013,44B,.40720221,1,.70914125
2020,45A,.6680851,.88936168,.53191489
2017,45A,.6574468,1,.56382978
2018,45A,.75744683,.91914892,.53829789
2013,45A,.74042553,1,.30000001
2019,45A,.69787234,.94893616,.53829789
2012,45A,.65957445,1,
2015,45A,.66595745,1,.46170214
2014,45A,.59574467,1,.31914893
2016,45A,.63829786,1,.57872343
2019,45B,.94103771,1,.13915095
2016,45B,.93867922,1,.2264151
2018,45B,.94103771,1,.16981132
2020,45B,.93160379,1,.14386792
2013,45B,.95990568,1,.066037737
2012,45B,.93160379,1,
2015,45B,.94575471,1,.10849056
2014,45B,.9268868,1,.070754714
2017,45B,.93632078,1,.19339623
2018,46A,.15923567,1,.73885351
2016,46A,.19108281,1,.56050956
2014,46A,.56687897,1,.49044585
2015,46A,.43949044,1,.47983015
2019,46A,.19108281,1,.55838639
2012,46A,.6390658,1,
2017,46A,.1656051,1,.81740975
2020,46A,.18683651,1,.56263268
2013,46A,.56687897,1,.49044585
2013,46B,.67441863,1,.7860465
2017,46B,.19767442,1,.91860467
2015,46B,.48604652,1,.77906978
2016,46B,.34186047,1,.70465118
2012,46B,.78372091,1,
2014,46B,.54418606,1,.74186045
2020,46B,.18604651,1,.86046511
2019,46B,.15813954,1,.90232557
2018,46B,.17906977,1,.93720931
2020,47A,.70451009,.60186625,.27682737
2013,47A,.72317261,.5287714,.11353032
2014,47A,.71539658,.50544322,.088646971
2012,47A,.72472781,.58786935,
2016,47A,.69206846,.57076204,.11353032
2015,47A,.70451009,.57542771,.071539655
2019,47A,.68429238,.59875584,.125972
2018,47A,.69673407,.56765163,.096423015
2017,47A,.62052876,.59097975,.13530326
2015,47B,.41455162,1,.66328257
2018,47B,.47715735,.97969544,.6395939
2013,47B,.46192893,1,.47208121
2017,47B,.42301184,1,.66159052
2016,47B,.43485618,1,.65313029
2020,47B,.40270728,1,.6903553
2019,47B,.49238577,1,.64297801
2014,47B,.47038916,1,.37732658
2012,47B,.45516074,1,
2017,48A,.10133334,1,.69599998
2019,48A,.082666665,1,.62666667
2013,48A,.39199999,1,.79466665
2012,48A,.43466666,1,
2018,48A,.088,1,.69866669
2015,48A,.26133335,1,.77066666
2020,48A,.071999997,1,.68533331
2016,48A,.17866667,1,.68533331
2014,48A,.28,1,.78399998
2014,48B,.56263268,1,.77919322
2016,48B,.492569,.99787688,.78980893
2020,48B,.46072188,.99787688,.56900215
2018,48B,.45222929,.99787688,.72823781
2012,48B,.68577492,.99787688,
2017,48B,.48407644,.99787688,.69426751
2013,48B,.60297239,1,.76008493
2015,48B,.60297239,.99787688,.73885351
2019,48B,.51167727,.99787688,.49469215
2013,49A,.88963962,1,.87612611
2015,49A,.51126128,1,.8581081
2016,49A,.52252251,1,.9009009
2014,49A,.6463964,1,.78153151
2012,49A,.77702701,1,
2019,49A,.5945946,1,.81306309
2017,49A,.4527027,1,.93018019
2018,49A,.41666666,1,.91441441
2020,49A,.41216215,1,.86036038
2012,49B,.63741338,1,
2013,49B,.63510394,1,.84988451
2016,49B,.50808316,1,.84064662
2019,49B,.46882218,1,.70669746
2015,49B,.51270211,1,.8614319
2020,49B,.45727482,1,.63510394
2017,49B,.43879908,1,.82448035
2014,49B,.57274824,1,.80600464
2018,49B,.51501155,1,.84526557
2018,4A,.32974911,0,.29569891
2019,4A,.43727598,0,.43189964
2015,4A,.27956989,0,.084229387
2013,4A,.20967741,0,.50358421
2014,4A,.27419356,0,.23476702
2012,4A,.22759856,0,
2016,4A,.3530466,0,.035842296
2020,4A,.33691755,0,.44444445
2017,4A,.30286738,0,.36200717
2015,4B,.49040139,0,.2652705
2016,4B,.4764398,.0017452007,.35427573
2017,4B,.45375219,0,.35951135
2014,4B,.478185,0,.2478185
2013,4B,.42408377,0,.29668412
2012,4B,.41361257,.0069808029,
2019,4B,.61431062,.031413611,.34380454
2018,4B,.43804538,.010471204,.35776615
2020,4B,.52356023,.012216405,.34729493
2018,50A,.44844517,1,.76104748
2014,50A,.49099836,1,.78232408
2017,50A,.30278233,1,.73977089
2015,50A,.51227498,1,.78068739
2016,50A,.43044189,1,.79050738
2020,50A,.31096563,1,.63829786
2013,50A,.73322421,1,.74468082
2012,50A,.68903434,1,
2019,50A,.41571194,1,.76268411
2013,50B,.71386433,1,.30973452
2018,50B,.86430681,1,.27433628
2016,50B,.71386433,1,.31563422
2019,50B,.72566372,1,.25958702
2017,50B,.66076696,1,.3038348
2014,50B,.67256635,1,.34513274
2020,50B,.69026548,1,.25663716
2015,50B,.70501477,1,.32743362
2012,50B,.79646015,1,
2019,51A,.28600001,1,.484
2012,51A,.24600001,1,
2014,51A,.33000001,1,.72399998
2016,51A,.28200001,1,.58600003
2018,51A,.20200001,1,.83600003
2020,51A,.242,1,.72799999
2013,51A,.30199999,1,.778
2015,51A,.28600001,1,.62400001
2017,51A,.31600001,1,.69999999
2017,51B,.27813163,1,.9511677
2019,51B,.32271764,1,.89596605
2012,51B,.10828026,1,
2018,51B,.31422505,1,.9660297
2014,51B,.23566879,1,.86411887
2015,51B,.2462845,1,.79193205
2016,51B,.36093417,1,.94479829
2020,51B,.27813163,1,.89384288
2013,51B,.17197452,1,.86411887
2016,52A,.6036036,.9954955,.89864862
2019,52A,.79504502,.77252251,.91891891
2014,52A,.63063061,1,.8063063
2018,52A,.88738739,1,.60585588
2015,52A,.69144142,.98873872,.83108109
2020,52A,.73873872,.95045048,.77252251
2013,52A,.89864862,1,.54054052
2017,52A,.40765765,.58333331,.88288289
2012,52A,.72522521,.98648649,
2020,52B,.66279072,.96976745,.39534885
2014,52B,.84418607,.7883721,.36511627
2016,52B,.73255813,.33720931,.49534884
2018,52B,.86744183,.66976744,.15116279
2013,52B,.72093022,.99534881,.40697673
2015,52B,.81860465,.98139536,.30465117
2017,52B,.67906976,.28139535,.59302324
2019,52B,.88604653,.33720931,.31162789
2012,52B,.57209301,.99534881,
2014,53A,.61142856,1,.62095237
2012,53A,.62857145,.99809521,
2013,53A,.67238092,.9942857,.80571431
2015,53A,.5390476,1,.77714288
2017,53A,.39619046,.99809521,.74095237
2019,53A,.44952381,.99238098,.74095237
2016,53A,.42285714,1,.82666665
2018,53A,.4552381,.96952379,.64761907
2020,53A,.38285714,.99238098,.70666665
2018,53B,.45484951,.97826087,.54013377
2014,53B,.5735786,.99331105,.4632107
2019,53B,.42474917,.99498326,.61705685
2017,53B,.47658864,.9882943,.5250836
2020,53B,.45652175,.99498326,.54180604
2015,53B,.63210702,.99163878,.37792641
2013,53B,.56020069,.9882943,.57023412
2012,53B,.54347825,.98996657,
2016,53B,.55351168,.9882943,.53344482
2013,54A,.74252492,.69601327,.28903654
2014,54A,.76578075,.64451826,.1295681
2017,54A,.64784056,.0066445181,.12624584
2015,54A,.73754156,.60132891,.11960133
2018,54A,.7192691,.19435216,.04152824
2019,54A,.65946841,.51661128,.1179402
2012,54A,.64285713,.76578075,
2016,54A,.63289034,.014950166,.20431894
2020,54A,.62292361,.72923589,.12790698
2019,54B,.50721157,.72115386,.27403846
2020,54B,.53125,.80528843,.27884614
2017,54B,.45673078,.59615386,.38461539
2013,54B,.46875,.77644229,.53365386
2014,54B,.43028846,.68509614,.48798078
2018,54B,.4375,.61057693,.42548078
2015,54B,.49038461,.64903843,.45673078
2016,54B,.39182693,.57692307,.57451922
2012,54B,.34855768,.85817307,
2016,55A,.53237408,.98129499,.018705036
2017,55A,.63453239,.98129499,.021582734
2012,55A,.38273382,.98848921,
2018,55A,.505036,.98129499,.031654675
2015,55A,.62446046,.97553957,.023021583
2019,55A,.44460431,.99568343,.01438849
2020,55A,.4705036,.99424458,.024460431
2013,55A,.46043167,.97697842,.02733813
2014,55A,.57410073,.98417264,.023021583
2018,55B,.47627738,.5109489,.2080292
2014,55B,.53467155,.7609489,.1040146
2013,55B,.48175183,.83759123,.15693431
2017,55B,.54379565,.72627735,.18430656
2016,55B,.59306568,.67153287,.1350365
2020,55B,.57664233,.54927009,.14233577
2015,55B,.54744524,.80656934,.1149635
2019,55B,.52189779,.65510947,.16423358
2012,55B,.49270073,.75547445,
2016,56A,.36495176,1,.27652735
2018,56A,.34405145,1,.19935691
2015,56A,.40353698,1,.51768488
2020,56A,.37138262,1,.12861736
2014,56A,.38424438,1,.35530546
2013,56A,.28456593,1,.56270099
2012,56A,.26366559,1,
2019,56A,.38263667,1,.01607717
2017,56A,.38906753,1,.15434083
2019,56B,.41986457,1,.37020317
2017,56B,.44469526,1,.50564337
2020,56B,.4401806,1,.49209931
2015,56B,.41760722,1,.55079007
2013,56B,.34988713,1,.50790066
2012,56B,.32731378,1,
2014,56B,.39277652,1,.48758465
2018,56B,.49435666,1,.41986457
2016,56B,.4604966,1,.4650113
2015,57A,.20385233,.9903692,.40288925
2014,57A,.23113964,.99357945,.56982344
2016,57A,.08025682,.9951846,.317817
2012,57A,.14446227,.99357945,
2018,57A,.19261637,1,.59711075
2013,57A,.18138042,.99197429,.73354733
2017,57A,.094703048,.9727127,.64365971
2020,57A,.22150883,.99839485,.44943821
2019,57A,.15248796,.97913325,.73033708
2014,57B,.77540106,1,.36541888
2019,57B,.58110517,1,.30124778
2020,57B,.49197862,1,.28163993
2012,57B,.55971479,1,
2013,57B,.67379677,1,.54367203
2016,57B,.5775401,1,.27272728
2017,57B,.59180033,1,.26737967
2015,57B,.72370768,1,.30303031
2018,57B,.58645278,1,.35650623
2018,58A,.39849624,.99812031,.43421054
2015,58A,.75,.99624062,.5413534
2017,58A,.41917294,.97744364,.43609023
2016,58A,.46804512,.99812031,.50375938
2013,58A,.66541356,1,.77631581
2020,58A,.30827066,.99812031,.27631578
2019,58A,.28947368,.98872179,.41353384
2012,58A,.58082706,1,
2014,58A,.77067667,.99812031,.56390977
2020,58B,.75126904,.63282573,.027072757
2017,58B,.58206427,.28257191,.29103214
2016,58B,.66835874,.26734349,.059221659
2018,58B,.92893404,.46531302,.0016920473
2012,58B,.65482235,.43654823,
2013,58B,.69712353,.42808798,.0033840947
2014,58B,.66328257,.4433164,.0033840947
2015,58B,.8849408,.39763114,.0016920473
2019,58B,.50423014,.30287647,.28934011
2013,59A,.99660444,1,.44142616
2015,59A,.98132426,1,.37521222
2018,59A,.78268254,1,.69779289
2019,59A,.852292,1,.54499149
2016,59A,.901528,1,.40577251
2014,59A,.99660444,1,.29881155
2020,59A,.92190152,1,.36672327
2012,59A,.99660444,1,
2017,59A,.91171479,1,.35823429
2015,59B,.47257385,1,1
2019,59B,.094936706,1,1
2014,59B,.44092828,1,.99156117
2012,59B,.4556962,1,
2016,59B,.14556962,1,1
2018,59B,.025316456,1,1
2013,59B,.32700422,1,1
2017,59B,.16455697,1,1
2020,59B,.14556962,1,1
2018,5A,.47031963,0,.46575344
2013,5A,.43607306,0,.50456619
2019,5A,.47031963,0,.5502283
2016,5A,.45662099,0,.47488585
2017,5A,.45433789,0,.50684929
2020,5A,.44063926,0,.54566211
2015,5A,.4520548,0,.42237443
2014,5A,.4497717,.006849315,.48401827
2012,5A,.41552511,.0045662099,
2019,5B,.64301074,.0043010754,.40645161
2018,5B,.6408602,0,.46021506
2017,5B,.63440859,.017204301,.45161289
2012,5B,.60000002,.0043010754,
2013,5B,.60215056,0,.38279569
2016,5B,.58494622,.0021505377,.46451613
2014,5B,.55483872,.045161292,.51827955
2015,5B,.52903223,.0064516128,.51182795
2020,5B,.61290324,0,.427957
2013,60A,.90943396,1,.43962264
2018,60A,.48490566,1,.83018869
2014,60A,.77169812,1,.37547171
2015,60A,.77169812,1,.5679245
2017,60A,.45471698,1,.6226415
2019,60A,.6226415,1,.55283016
2020,60A,.66603774,1,.59056604
2016,60A,.5754717,1,.66792452
2012,60A,.97547168,1,
2017,60B,0,1,1
2016,60B,0,1,1
2014,60B,.0047169812,1,1
2019,60B,0,1,1
2015,60B,.0047169812,1,1
2020,60B,0,1,1
2012,60B,.4481132,1,
2018,60B,0,1,1
2013,60B,.11320755,1,1
2014,61A,.76221496,1,.44951141
2018,61A,.61237782,1,.49837133
2020,61A,.59609121,1,.57980454
2017,61A,.63517916,1,.51465797
2012,61A,.86644953,1,
2013,61A,.80456024,1,.60260588
2019,61A,.61237782,1,.55374593
2015,61A,.74918568,1,.48208469
2016,61A,.65146577,1,.44299674
2020,61B,.75154006,1,.66119099
2015,61B,.93018478,1,.48254621
2013,61B,.98562628,1,.28542095
2019,61B,.83572894,1,.70841891
2018,61B,.8459959,1,.85420942
2014,61B,.8788501,1,.37371662
2017,61B,.88501024,1,.43737167
2012,61B,.93839836,1,
2016,61B,.9117043,1,.42094457
2013,62A,.03160271,1,.99548531
2018,62A,.0022573364,1,1
2012,62A,.13995485,1,
2017,62A,.0045146728,1,.99548531
2014,62A,.0067720092,1,.99548531
2016,62A,.0045146728,1,.99548531
2019,62A,.0045146728,1,1
2015,62A,.0045146728,1,.99548531
2020,62A,.0045146728,1,.99548531
2015,62B,.41860464,1,.52790695
2017,62B,.26279071,1,.59534883
2020,62B,.1627907,1,.99302328
2016,62B,.34651163,1,.57209301
2013,62B,.77906978,1,.27906978
2012,62B,.67441863,1,
2019,62B,.039534885,1,1
2018,62B,.062790699,1,1
2014,62B,.44883722,1,.37674418
2012,63A,.8473804,1,
2014,63A,.48747152,1,.44646925
2019,63A,.029612755,1,.92938495
2016,63A,.10250569,1,.61047834
2013,63A,.69248289,1,.38952163
2015,63A,.38496584,1,.56947607
2017,63A,.063781321,1,.65148062
2018,63A,.14578588,1,.79498863
2020,63A,.020501139,1,1
2017,63B,.89007092,1,.15070923
2018,63B,.91843975,1,.21808511
2015,63B,.93794328,1,.18085106
2020,63B,.84397161,1,.15602838
2012,63B,.98758864,1,
2019,63B,.91489363,1,.2216312
2014,63B,.91666669,1,.11879433
2013,63B,.98226953,1,.090425529
2016,63B,.92021275,1,.18971631
2013,64A,.23890784,1,.9351536
2015,64A,.22866894,1,.90443689
2018,64A,.35494882,1,.76109213
2012,64A,.41979522,1,
2014,64A,.33788395,1,.87372011
2016,64A,.15699659,1,.88054609
2020,64A,.14334472,1,.98634815
2017,64A,.15017065,1,.8976109
2019,64A,.1331058,1,.88054609
2019,64B,.3325527,1,.7728337
2016,64B,.72365338,1,.58548009
2020,64B,.68618268,1,.70725995
2013,64B,.90398127,1,.16627635
2015,64B,.70023417,1,.30679157
2018,64B,.85245901,1,.21077283
2014,64B,.91100705,1,.14519906
2012,64B,.90163934,1,
2017,64B,.51288056,1,.57611239
2014,65A,.46735394,.98453611,.96219933
2020,65A,.14261168,.8917526,1
2012,65A,.46563575,.91237116,
2019,65A,.12371134,.89347076,.99484539
2017,65A,.19759451,.87800688,.96048111
2018,65A,.45876288,1,.82989693
2016,65A,.28006873,.82989693,.98281789
2015,65A,.34707904,.95532644,.96563572
2013,65A,.18900344,1,1
2015,65B,.91549295,.89671361,.94366199
2020,65B,.73004693,.75586855,.96478873
2013,65B,.85680753,.95070422,.96009392
2016,65B,.87558687,.68544602,.95070422
2019,65B,.73004693,.84976524,.98356807
2012,65B,.88967139,.68075114,
2018,65B,.98356807,1,.52347416
2017,65B,.75352114,.77464789,.91079813
2014,65B,.92253524,.90845072,.81924886
2017,66A,.76790124,.95308644,.69876546
2014,66A,.8888889,1,.093827158
2016,66A,.83209878,.95308644,.68148148
2013,66A,.76543212,1,.67160493
2018,66A,.87160492,1,.63209879
2015,66A,.81481481,.99753088,.57530862
2019,66A,.75555557,1,.49629629
2020,66A,.68641973,1,.82716048
2012,66A,.74074072,1,
2020,66B,.92765272,.25562701,.61093247
2018,66B,1,1,.15594855
2013,66B,.97266883,.57877815,.33762059
2019,66B,.91318327,.23472668,.53215432
2014,66B,.99678457,.53697747,.13504823
2017,66B,.95337623,.18006431,.3585209
2016,66B,.97266883,.18006431,.39549839
2012,66B,1,.48070741,
2015,66B,.98874599,.44533762,.25241157
2020,67A,1,.27816412,.53685677
2017,67A,1,.60917944,.31571627
2013,67A,1,.85396385,.15438108
2016,67A,1,.51182199,.59109873
2018,67A,1,.99443674,.031988874
2012,67A,.99860919,.8358832,
2014,67A,.99721837,.8581363,.13351877
2019,67A,1,.44089013,.63838667
2015,67A,.99165505,.85257304,.30598053
2012,67B,.91858679,.73579109,
2018,67B,.9938556,1,.16897081
2016,67B,.98003072,.9938556,.85714287
2014,67B,.94009215,.98003072,.69892472
2019,67B,.97695851,1,.8955453
2013,67B,.94316435,.95084482,.91858679
2015,67B,.96159756,.99539173,.89093703
2017,67B,.96774191,1,.6436252
2020,67B,.96774191,1,.87403995
2020,6A,.772093,.0023255814,.50697672
2016,6A,.83953488,.051162791,.54883718
2015,6A,.61162794,.0069767442,.29534882
2014,6A,.44186047,.0093023255,.5767442
2013,6A,.62790698,.0093023255,.61395347
2017,6A,.83488375,.046511628,.48372093
2018,6A,.69999999,.0023255814,.47441861
2019,6A,.81395346,.030232558,.47209302
2012,6A,.78139538,.020930232,
2015,6B,.55607474,0,.43457943
2016,6B,.57009345,.018691588,.39018691
2014,6B,.55140185,.01635514,.49766356
2012,6B,.60280377,0,
2018,6B,.63785046,.0023364485,.36682242
2019,6B,.64018691,.01635514,.36214954
2013,6B,.56074768,.01635514,.47429907
2020,6B,.64018691,0,.36682242
2017,6B,.63317758,.004672897,.36915886
2015,7A,.50268817,0,0
2018,7A,.6075269,.11290322,0
2013,7A,.56182796,0,.024193548
2019,7A,.56451613,.01344086,.13709678
2017,7A,.52688169,0,.15053764
2014,7A,.52956986,0,0
2012,7A,.56182796,0,
2016,7A,.5672043,.22043011,0
2020,7A,.47311828,.19354838,.29301074
2014,7B,.34518829,0,.60878658
2017,7B,.49790794,0,.55230123
2015,7B,.4539749,0,.48535565
2016,7B,.52928871,.0041841003,.016736401
2018,7B,.51673639,.0020920502,.34309623
2012,7B,.22594142,0,
2013,7B,.28451884,0,.67782426
2020,7B,.52301258,0,.44351465
2019,7B,.49790794,0,.53556484
2013,8A,.53118277,0,.12903225
2018,8A,.57849461,0,.24086021
2015,8A,.55913979,0,.13763441
2020,8A,.61720431,.0064516128,.13978495
2012,8A,.56129032,0,
2017,8A,.63870966,0,.13978495
2019,8A,.66666669,.0086021507,.13548388
2016,8A,.57634407,0,.13978495
2014,8A,.44301075,0,.26021504
2017,8B,.49377593,.0082987556,.28630707
2016,8B,.39834026,.0082987556,.14107884
2013,8B,.36721992,0,.3900415
2019,8B,.51659751,.0082987556,.14730291
2012,8B,.3900415,0,
2018,8B,.51037347,.0062240665,.26763487
2015,8B,.42116183,0,.12240664
2020,8B,.51659751,0,.10165975
2014,8B,.35477179,0,.17842324
2012,9A,.765625,.0078125,
2016,9A,.61914063,.005859375,.265625
2020,9A,.69335938,.01953125,.25976563
2015,9A,.6328125,.001953125,.29101563
2017,9A,.640625,.0234375,.26757813
2019,9A,.65429688,.02734375,.26367188
2013,9A,.69921875,.001953125,.22265625
2018,9A,.66601563,.009765625,.28125
2014,9A,.65039063,.00390625,.30664063
2020,9B,.62324649,.01002004,.20440882
2016,9B,.58517033,.002004008,.36472946
2018,9B,.62725449,0,.30260521
2017,9B,.58116233,.002004008,.30260521
2014,9B,.57515031,0,.30460921
2013,9B,.59318638,0,.18837675
2015,9B,.62124246,.002004008,.41082165
2012,9B,.61523044,0,
2019,9B,.57314628,.018036073,.3246493
